avg_hhi,avg_lambda,best_individual_idx,best_individual_linex,best_individual_mse,best_individual_objective,diag_aux,diag_main,horizon,linex,loss_section,mae,method,mse,n_obs,objective_value,seed
0.056322015227572075,7.9672297640510195,2.0,0.6271267038010488,1.0871767055518604,0.6271267038010488,nan,nan,1.0,0.6963910047705495,linex,0.6811384362555796,MWUMBothKL,0.9996702094441802,1020.0,0.6963910047705495,4.0
0.05739262121048226,7.834514467721228,2.0,0.6271267038010488,1.0871767055518604,0.6271267038010488,nan,nan,1.0,0.6928910799833801,linex,0.6809917021244595,MWUMConcOnlyKL,1.0030203139099143,1020.0,0.6928910799833801,4.0
0.05964517599110697,nan,2.0,0.6271267038010488,1.0871767055518604,0.6271267038010488,nan,nan,1.0,0.707097632581045,linex,0.6744913823407269,MWUMVanilla,0.9875112371725193,1020.0,0.707097632581045,4.0
0.055555555555555566,nan,2.0,0.6271267038010488,1.0871767055518604,0.6271267038010488,nan,nan,1.0,0.7071582105390617,linex,0.6891118624843299,Mean,1.0065535053603296,1020.0,0.7071582105390617,4.0
nan,nan,2.0,0.6271267038010488,1.0871767055518604,0.6271267038010488,nan,nan,1.0,0.7163473239812221,linex,0.6680778701612725,Median,0.9864999609922985,1020.0,0.7163473239812221,4.0
0.14429645206206548,0.003663031008052218,2.0,0.6271267038010488,1.0871767055518604,0.6271267038010488,nan,nan,1.0,0.6925625695026039,linex,0.7213988451228559,OGDBoth,1.0500913969225067,1020.0,0.6925625695026039,4.0
0.0826673901536773,7.973364773960086,2.0,0.6271267038010488,1.0871767055518604,0.6271267038010488,nan,nan,1.0,0.7301885696450435,linex,0.6972135533882259,OGDConcOnly,1.0490572368440376,1020.0,0.7301885696450435,4.0
0.14679139378097308,nan,2.0,0.6271267038010488,1.0871767055518604,0.6271267038010488,nan,nan,1.0,0.6929085568199178,linex,0.7222988651503889,OGDVanilla,1.0518516856557132,1020.0,0.6929085568199178,4.0
0.20173144746977703,1.6720303054926908,2.0,0.6271267038010488,1.0871767055518604,0.6271267038010488,0.3607843137254902,2.0836372549019613,1.0,0.7631107130213126,linex,0.6939468904029832,RLKappaBandit,1.053006278258204,1020.0,0.7631107130213126,4.0
0.060361783398359244,nan,2.0,0.6271267038010488,1.0871767055518604,0.6271267038010488,0.35784313725490197,0.0,1.0,0.7244741334554279,linex,0.692006695096534,RLRuleBandit,1.022820921768481,1020.0,0.7244741334554279,4.0
0.6703292412309716,0.2994103592003371,2.0,0.6271267038010488,1.0871767055518604,0.6271267038010488,nan,1.9372719324385967,1.0,3.932679518744612,linex,1.1745902819620544,RLSimplexBandit,2.7613166954248514,1020.0,3.932679518744612,4.0
0.05696862055329341,7.952974531839241,9.0,0.8225127450531503,1.0373833108472492,0.8225127450531503,nan,nan,1.0,0.9465688189080803,linex,0.6871471003904231,MWUMBothKL,0.9753326657062334,1020.0,0.9465688189080803,5.0
0.05778637372993495,7.8204966941272245,9.0,0.8225127450531503,1.0373833108472492,0.8225127450531503,nan,nan,1.0,0.9593824829423471,linex,0.6911842489384088,MWUMConcOnlyKL,0.9838812093224379,1020.0,0.9593824829423471,5.0
0.05944862981706799,nan,9.0,0.8225127450531503,1.0373833108472492,0.8225127450531503,nan,nan,1.0,0.9245707044133022,linex,0.680950823200128,MWUMVanilla,0.9612526950916178,1020.0,0.9245707044133022,5.0
0.055555555555555566,nan,9.0,0.8225127450531503,1.0373833108472492,0.8225127450531503,nan,nan,1.0,0.975886648465916,linex,0.6921041037102512,Mean,0.9764259020072102,1020.0,0.975886648465916,5.0
nan,nan,9.0,0.8225127450531503,1.0373833108472492,0.8225127450531503,nan,nan,1.0,0.9332404800595288,linex,0.6783503008545254,Median,0.9597688807815133,1020.0,0.9332404800595288,5.0
0.1526940415433666,0.0036564769912653125,9.0,0.8225127450531503,1.0373833108472492,0.8225127450531503,nan,nan,1.0,0.8762434733091745,linex,0.6998355856185493,OGDBoth,0.99547889671182,1020.0,0.8762434733091745,5.0
0.07598913196713993,7.959098564784739,9.0,0.8225127450531503,1.0373833108472492,0.8225127450531503,nan,nan,1.0,0.9616073543280595,linex,0.6946616068274393,OGDConcOnly,0.9878406929174255,1020.0,0.9616073543280595,5.0
0.15489399020358813,nan,9.0,0.8225127450531503,1.0373833108472492,0.8225127450531503,nan,nan,1.0,0.8770165842213609,linex,0.6999477087814993,OGDVanilla,0.996041587470136,1020.0,0.8770165842213609,5.0
0.196687312253447,2.568567771987087,9.0,0.8225127450531503,1.0373833108472492,0.8225127450531503,0.6284313725490196,2.5646274509803924,1.0,0.9738724484512492,linex,0.7035746715661231,RLKappaBandit,1.0159097004204867,1020.0,0.9738724484512492,5.0
0.06464056313838833,nan,9.0,0.8225127450531503,1.0373833108472492,0.8225127450531503,0.24411764705882352,1.0,1.0,0.9542507750477901,linex,0.6913108736827409,RLRuleBandit,0.9782415438137678,1020.0,0.9542507750477901,5.0
0.7394490614398717,0.2988746442374939,9.0,0.8225127450531503,1.0373833108472492,0.8225127450531503,nan,2.131287756773662,1.0,10.82440528668408,linex,1.249536264506693,RLSimplexBandit,3.007216482852475,1020.0,10.82440528668408,5.0
0.057180254078474664,7.473245929861903,1.0,0.7065571170337549,0.9145367946030954,0.7065571170337549,nan,nan,1.0,0.8316472445285966,linex,0.6412679925321119,MWUMBothKL,0.8764750422940643,1020.0,0.8316472445285966,6.0
0.058193083870185465,7.34875924157758,1.0,0.7065571170337549,0.9145367946030954,0.7065571170337549,nan,nan,1.0,0.823881923554084,linex,0.6411608877228732,MWUMConcOnlyKL,0.8751015346866405,1020.0,0.823881923554084,6.0
0.057217947501909706,nan,1.0,0.7065571170337549,0.9145367946030954,0.7065571170337549,nan,nan,1.0,0.8215435826475385,linex,0.6355087627325182,MWUMVanilla,0.853752954214892,1020.0,0.8215435826475385,6.0
0.055555555555555566,nan,1.0,0.7065571170337549,0.9145367946030954,0.7065571170337549,nan,nan,1.0,0.7903439647251354,linex,0.6429531847149005,Mean,0.8615416916041848,1020.0,0.7903439647251354,6.0
nan,nan,1.0,0.7065571170337549,0.9145367946030954,0.7065571170337549,nan,nan,1.0,0.8626227027047803,linex,0.6273073329503215,Median,0.8539701994010088,1020.0,0.8626227027047803,6.0
0.1531033805894506,0.0034359159184038928,1.0,0.7065571170337549,0.9145367946030954,0.7065571170337549,nan,nan,1.0,0.9448656663289876,linex,0.6933690037348184,OGDBoth,0.9719931544296726,1020.0,0.9448656663289876,6.0
0.07665784454684818,7.479000557152745,1.0,0.7065571170337549,0.9145367946030954,0.7065571170337549,nan,nan,1.0,0.9807900260550503,linex,0.6404133928973503,OGDConcOnly,0.8990586056678617,1020.0,0.9807900260550503,6.0
0.1549562256000861,nan,1.0,0.7065571170337549,0.9145367946030954,0.7065571170337549,nan,nan,1.0,0.9485193300437017,linex,0.6923140302767746,OGDVanilla,0.9704094561143161,1020.0,0.9485193300437017,6.0
0.1713613629410489,1.5674510257901357,1.0,0.7065571170337549,0.9145367946030954,0.7065571170337549,0.538235294117647,1.8282254901960784,1.0,0.971274289843256,linex,0.6434458707022237,RLKappaBandit,0.9126026745549698,1020.0,0.971274289843256,6.0
0.09477394607682456,nan,1.0,0.7065571170337549,0.9145367946030954,0.7065571170337549,0.396078431372549,6.0,1.0,0.879633322291401,linex,0.6525924246695546,RLRuleBandit,0.9036691904375804,1020.0,0.879633322291401,6.0
0.654133060066351,0.2808463310984892,1.0,0.7065571170337549,0.9145367946030954,0.7065571170337549,nan,1.8806741413476902,1.0,2.8137838062562825,linex,0.9502533547074322,RLSimplexBandit,1.8589720705496555,1020.0,2.8137838062562825,6.0
0.056629746164612145,7.593694013164926,7.0,0.6394051162497534,0.8026856948448214,0.6394051162497534,nan,nan,1.0,0.7742082384069222,linex,0.5941609177929159,MWUMBothKL,0.7663794700272613,1020.0,0.7742082384069222,7.0
0.057181345477464035,7.467200943297376,7.0,0.6394051162497534,0.8026856948448214,0.6394051162497534,nan,nan,1.0,0.789016733636786,linex,0.5938902562840825,MWUMConcOnlyKL,0.7697849752278885,1020.0,0.789016733636786,7.0
0.05829693447825789,nan,7.0,0.6394051162497534,0.8026856948448214,0.6394051162497534,nan,nan,1.0,0.7552460802554049,linex,0.5859150481002973,MWUMVanilla,0.7380452450025734,1020.0,0.7552460802554049,7.0
0.055555555555555566,nan,7.0,0.6394051162497534,0.8026856948448214,0.6394051162497534,nan,nan,1.0,0.7402458008629073,linex,0.5967456867551533,Mean,0.7563528013407654,1020.0,0.7402458008629073,7.0
nan,nan,7.0,0.6394051162497534,0.8026856948448214,0.6394051162497534,nan,nan,1.0,0.745024767960675,linex,0.5837635450326196,Median,0.7398027110816986,1020.0,0.745024767960675,7.0
0.10824111607500987,0.003491293393017489,7.0,0.6394051162497534,0.8026856948448214,0.6394051162497534,nan,nan,1.0,0.7833732078991378,linex,0.6062048523592025,OGDBoth,0.7801468194871921,1020.0,0.7833732078991378,7.0
0.07433539108007949,7.599541389153429,7.0,0.6394051162497534,0.8026856948448214,0.6394051162497534,nan,nan,1.0,0.8603275168459887,linex,0.6090334184613724,OGDConcOnly,0.8220103665293914,1020.0,0.8603275168459887,7.0
0.11046764812691226,nan,7.0,0.6394051162497534,0.8026856948448214,0.6394051162497534,nan,nan,1.0,0.783758151044887,linex,0.6063594382891003,OGDVanilla,0.7800649286701654,1020.0,0.783758151044887,7.0
0.22993521971218728,0.9793573295828862,7.0,0.6394051162497534,0.8026856948448214,0.6394051162497534,0.2872549019607843,0.8263627450980393,1.0,1.0203757017844945,linex,0.6124688424098229,RLKappaBandit,0.8285023080460489,1020.0,1.0203757017844945,7.0
0.06088792973713138,nan,7.0,0.6394051162497534,0.8026856948448214,0.6394051162497534,0.2529411764705882,3.0,1.0,0.8082531091853477,linex,0.5945670931371413,RLRuleBandit,0.7639710449124217,1020.0,0.8082531091853477,7.0
0.2864856938834505,0.2853727982589409,7.0,0.6394051162497534,0.8026856948448214,0.6394051162497534,nan,0.8425918002926549,1.0,0.96792719270377,linex,0.6076767266639556,RLSimplexBandit,0.8047328061834007,1020.0,0.96792719270377,7.0
0.056281433413417625,8.238717749905572,9.0,0.5845456804144077,0.8714893639509798,0.5845456804144077,nan,nan,1.0,0.6650844266296054,linex,0.6394385203373291,MWUMBothKL,0.8314786985725353,1020.0,0.6650844266296054,8.0
0.0573993429719238,8.101480102701048,9.0,0.5845456804144077,0.8714893639509798,0.5845456804144077,nan,nan,1.0,0.670677031553562,linex,0.6392629811155534,MWUMConcOnlyKL,0.8335808452381187,1020.0,0.670677031553562,8.0
0.0570484399217869,nan,9.0,0.5845456804144077,0.8714893639509798,0.5845456804144077,nan,nan,1.0,0.6719203191754822,linex,0.635837975211288,MWUMVanilla,0.8254521625085447,1020.0,0.6719203191754822,8.0
0.055555555555555566,nan,9.0,0.5845456804144077,0.8714893639509798,0.5845456804144077,nan,nan,1.0,0.6611798165489464,linex,0.6420643996953845,Mean,0.8324843871472845,1020.0,0.6611798165489464,8.0
nan,nan,9.0,0.5845456804144077,0.8714893639509798,0.5845456804144077,nan,nan,1.0,0.7090081808144535,linex,0.6297085146447498,Median,0.8237846841963438,1020.0,0.7090081808144535,8.0
0.12592152015674232,0.0037878509191066243,9.0,0.5845456804144077,0.8714893639509798,0.5845456804144077,nan,nan,1.0,0.676715810042374,linex,0.7044877381935062,OGDBoth,0.9756354051273542,1020.0,0.676715810042374,8.0
0.07455319616799803,8.245061813843797,9.0,0.5845456804144077,0.8714893639509798,0.5845456804144077,nan,nan,1.0,0.7273189342641654,linex,0.639367170520383,OGDConcOnly,0.8476674258816167,1020.0,0.7273189342641654,8.0
0.12751432983456668,nan,9.0,0.5845456804144077,0.8714893639509798,0.5845456804144077,nan,nan,1.0,0.6799040860339486,linex,0.7052811167093463,OGDVanilla,0.9779105222498811,1020.0,0.6799040860339486,8.0
0.16289603674807326,4.9638625824646745,9.0,0.5845456804144077,0.8714893639509798,0.5845456804144077,0.6078431372549019,4.572450980392158,1.0,0.9430302593552142,linex,0.6569803514319831,RLKappaBandit,0.8919120490381369,1020.0,0.9430302593552142,8.0
0.0703594881741342,nan,9.0,0.5845456804144077,0.8714893639509798,0.5845456804144077,0.4519607843137255,4.0,1.0,0.6522260652891319,linex,0.6424217889569006,RLRuleBandit,0.8355511815123847,1020.0,0.6522260652891319,8.0
0.6584633216040562,0.3096129412483735,9.0,0.5845456804144077,0.8714893639509798,0.5845456804144077,nan,2.0001238602500595,1.0,2.2419934922116256,linex,0.9424054297934954,RLSimplexBandit,1.7975463250094652,1020.0,2.2419934922116256,8.0
0.05586883428065999,8.087304593800448,13.0,0.4273844340798851,0.7624754225973522,0.4273844340798851,nan,nan,1.0,0.4577540863661412,linex,0.5351484419924881,MWUMBothKL,0.632378590735443,1020.0,0.4577540863661412,9.0
0.05643156926823304,7.952589133413151,13.0,0.4273844340798851,0.7624754225973522,0.4273844340798851,nan,nan,1.0,0.46055022355242964,linex,0.5354042330054594,MWUMConcOnlyKL,0.6344380805979472,1020.0,0.46055022355242964,9.0
0.056154543249687376,nan,13.0,0.4273844340798851,0.7624754225973522,0.4273844340798851,nan,nan,1.0,0.46123135021538775,linex,0.5324248246646722,MWUMVanilla,0.6288280880012865,1020.0,0.46123135021538775,9.0
0.055555555555555566,nan,13.0,0.4273844340798851,0.7624754225973522,0.4273844340798851,nan,nan,1.0,0.45647573737193214,linex,0.5346364930463663,Mean,0.6315944170440676,1020.0,0.45647573737193214,9.0
nan,nan,13.0,0.4273844340798851,0.7624754225973522,0.4273844340798851,nan,nan,1.0,0.4782550455785603,linex,0.5254173814204885,Median,0.6254757132734858,1020.0,0.4782550455785603,9.0
0.09604865662504752,0.003718236874794425,13.0,0.4273844340798851,0.7624754225973522,0.4273844340798851,nan,nan,1.0,0.42638200676691745,linex,0.561774199840556,OGDBoth,0.677400977552632,1020.0,0.42638200676691745,9.0
0.06967804904944339,8.093532064990557,13.0,0.4273844340798851,0.7624754225973522,0.4273844340798851,nan,nan,1.0,0.5211452607964818,linex,0.542498291661967,OGDConcOnly,0.6657545897709674,1020.0,0.5211452607964818,9.0
0.09779102860901183,nan,13.0,0.4273844340798851,0.7624754225973522,0.4273844340798851,nan,nan,1.0,0.4263460727572642,linex,0.562342243877522,OGDVanilla,0.678640286818257,1020.0,0.4263460727572642,9.0
0.12610523689749464,2.4092540022492073,13.0,0.4273844340798851,0.7624754225973522,0.4273844340798851,0.6911764705882353,2.0601764705882353,1.0,0.5019350464692641,linex,0.5436065677921444,RLKappaBandit,0.6576002890326977,1020.0,0.5019350464692641,9.0
0.059267669612383486,nan,13.0,0.4273844340798851,0.7624754225973522,0.4273844340798851,0.4392156862745098,6.0,1.0,0.46084433364794924,linex,0.53983955224122,RLRuleBandit,0.6455425641972989,1020.0,0.46084433364794924,9.0
0.40463098488658794,0.30392279940488764,13.0,0.4273844340798851,0.7624754225973522,0.4273844340798851,nan,1.1406943321107883,1.0,0.7474532345169932,linex,0.5572269966402634,RLSimplexBandit,0.698771243297487,1020.0,0.7474532345169932,9.0
0.1080756156500943,2.4344928949747846,2.0,9.035272052180881,4.367916445132218,9.035272052180881,nan,nan,4.0,4.581729236633849,linex,1.2880263220012689,MWUMBothKL,3.2502576123379954,1020.0,4.581729236633849,4.0
0.1144308433092225,1.8521089485935929,2.0,9.035272052180881,4.367916445132218,9.035272052180881,nan,nan,4.0,4.395981532578345,linex,1.2583036315132858,MWUMConcOnlyKL,3.1231702063918267,1020.0,4.395981532578345,4.0
0.9438669952443606,nan,2.0,9.035272052180881,4.367916445132218,9.035272052180881,nan,nan,4.0,8.785892721650969,linex,1.615946293759544,MWUMVanilla,4.771746769267911,1020.0,8.785892721650969,4.0
0.055555555555555566,nan,2.0,9.035272052180881,4.367916445132218,9.035272052180881,nan,nan,4.0,10.841789099790153,linex,1.459951779566515,Mean,4.056342968157746,1020.0,10.841789099790153,4.0
nan,nan,2.0,9.035272052180881,4.367916445132218,9.035272052180881,nan,nan,4.0,10.582700344006598,linex,1.4267419971592272,Median,4.035733680146344,1020.0,10.582700344006598,4.0
0.12806312158427086,3.617261707309494,2.0,9.035272052180881,4.367916445132218,9.035272052180881,nan,nan,4.0,4.31720128300728,linex,1.267974961685015,OGDBoth,3.238910510027064,1020.0,4.31720128300728,4.0
0.1334675798514969,7.958256923130801,2.0,9.035272052180881,4.367916445132218,9.035272052180881,nan,nan,4.0,5.553808272153681,linex,1.2786885038004905,OGDConcOnly,3.245719084046868,1020.0,5.553808272153681,4.0
0.281560878223621,nan,2.0,9.035272052180881,4.367916445132218,9.035272052180881,nan,nan,4.0,4.084576157789042,linex,1.272513775906193,OGDVanilla,3.3012538504665865,1020.0,4.084576157789042,4.0
0.35588692613959155,0.6573055681567512,2.0,9.035272052180881,4.367916445132218,9.035272052180881,0.22647058823529412,0.6163529411764707,4.0,3.9760746346655105,linex,1.1549296435891847,RLKappaBandit,2.695433863631148,1020.0,3.9760746346655105,4.0
0.2655084262220058,nan,2.0,9.035272052180881,4.367916445132218,9.035272052180881,0.6715686274509803,1.0,4.0,6.651171351548478,linex,1.3372093723975425,RLRuleBandit,3.56082080567909,1020.0,6.651171351548478,4.0
0.8616115375579841,0.2994103592003371,2.0,9.035272052180881,4.367916445132218,9.035272052180881,nan,2.5491654753450868,4.0,16.168803511721702,linex,1.5112303386678623,RLSimplexBandit,4.465500313186137,1020.0,16.168803511721702,4.0
0.09872088784235074,2.4301370193990137,9.0,9.791876833870576,3.6007288356324607,9.791876833870576,nan,nan,4.0,7.0206283510253185,linex,1.26901073502399,MWUMBothKL,3.156253860080591,1020.0,7.0206283510253185,5.0
0.10428539327068813,1.8487950937248856,9.0,9.791876833870576,3.6007288356324607,9.791876833870576,nan,nan,4.0,6.956873513700073,linex,1.2372023617996413,MWUMConcOnlyKL,2.9774253798158665,1020.0,6.956873513700073,5.0
0.9771521503088507,nan,9.0,9.791876833870576,3.6007288356324607,9.791876833870576,nan,nan,4.0,9.472556451446618,linex,1.4856258763821737,MWUMVanilla,4.003139593189764,1020.0,9.472556451446618,5.0
0.055555555555555566,nan,9.0,9.791876833870576,3.6007288356324607,9.791876833870576,nan,nan,4.0,10.733752776544943,linex,1.385801732925426,Mean,3.63245368518103,1020.0,10.733752776544943,5.0
nan,nan,9.0,9.791876833870576,3.6007288356324607,9.791876833870576,nan,nan,4.0,11.428661559974673,linex,1.3697976276529098,Median,3.664021809301019,1020.0,11.428661559974673,5.0
0.11904039779993697,3.610789582476201,9.0,9.791876833870576,3.6007288356324607,9.791876833870576,nan,nan,4.0,7.037104660959452,linex,1.2473301226575613,OGDBoth,3.077604462315671,1020.0,7.037104660959452,5.0
0.12180371654038162,7.944017745424129,9.0,9.791876833870576,3.6007288356324607,9.791876833870576,nan,nan,4.0,6.905417984674802,linex,1.209030555008085,OGDConcOnly,2.8275667646832687,1020.0,6.905417984674802,5.0
0.2597060516349085,nan,9.0,9.791876833870576,3.6007288356324607,9.791876833870576,nan,nan,4.0,7.315653565191063,linex,1.2576681341416687,OGDVanilla,3.149467281309489,1020.0,7.315653565191063,5.0
0.35199586676524336,2.040283121876162,9.0,9.791876833870576,3.6007288356324607,9.791876833870576,0.44607843137254904,2.4880196078431376,4.0,7.375704996487289,linex,1.1562170579589988,RLKappaBandit,2.6986408863673357,1020.0,7.375704996487289,5.0
0.36406780264674926,nan,9.0,9.791876833870576,3.6007288356324607,9.791876833870576,0.3509803921568627,2.0,4.0,9.271910613750652,linex,1.345602983555111,RLRuleBandit,3.5589940087248695,1020.0,9.271910613750652,5.0
0.7486169488550224,0.2988746442374939,9.0,9.791876833870576,3.6007288356324607,9.791876833870576,nan,2.203071276193712,4.0,11.380258700934647,linex,1.4603749559724084,RLSimplexBandit,4.193404044549735,1020.0,11.380258700934647,5.0
0.09055476945059071,2.2835495721159336,17.0,5.102646778130371,3.5384686792143856,5.102646778130371,nan,nan,4.0,2.8576661634310088,linex,1.0869930500911675,MWUMBothKL,2.4318995732744004,1020.0,2.8576661634310088,6.0
0.09587187451028291,1.7372745699127607,17.0,5.102646778130371,3.5384686792143856,5.102646778130371,nan,nan,4.0,2.675830150033115,linex,1.0610004079057556,MWUMConcOnlyKL,2.314023585984442,1020.0,2.675830150033115,6.0
0.9450166010489971,nan,17.0,5.102646778130371,3.5384686792143856,5.102646778130371,nan,nan,4.0,18.167174016876334,linex,1.1563867688537588,MWUMVanilla,2.875508891672672,1020.0,18.167174016876334,6.0
0.055555555555555566,nan,17.0,5.102646778130371,3.5384686792143856,5.102646778130371,nan,nan,4.0,22.530687032832144,linex,1.1821892315218077,Mean,2.8747808965326644,1020.0,22.530687032832144,6.0
nan,nan,17.0,5.102646778130371,3.5384686792143856,5.102646778130371,nan,nan,4.0,18.833659631215284,linex,1.142222741645373,Median,2.7917918197665923,1020.0,18.833659631215284,6.0
0.10883708685115871,3.392984403860214,17.0,5.102646778130371,3.5384686792143856,5.102646778130371,nan,nan,4.0,2.806996948449894,linex,1.071115606481968,OGDBoth,2.381037359357523,1020.0,2.806996948449894,6.0
0.10962407707788811,7.464829422635154,17.0,5.102646778130371,3.5384686792143856,5.102646778130371,nan,nan,4.0,2.736498664212457,linex,1.0470733990472694,OGDConcOnly,2.2557983877926104,1020.0,2.736498664212457,6.0
0.24578136626221858,nan,17.0,5.102646778130371,3.5384686792143856,5.102646778130371,nan,nan,4.0,2.7266041232237117,linex,1.0896672084051264,OGDVanilla,2.47205037424114,1020.0,2.7266041232237117,6.0
0.23618588804288557,1.0907603446109606,17.0,5.102646778130371,3.5384686792143856,5.102646778130371,0.703921568627451,1.3023235294117648,4.0,2.6259930641402547,linex,1.0044706631899,RLKappaBandit,2.094049726113885,1020.0,2.6259930641402547,6.0
0.16658765619137317,nan,17.0,5.102646778130371,3.5384686792143856,5.102646778130371,0.3156862745098039,0.0,4.0,3.873012682800051,linex,1.1283941212510542,RLRuleBandit,2.6029855355440272,1020.0,3.873012682800051,6.0
0.6563361237222533,0.2808463310984892,17.0,5.102646778130371,3.5384686792143856,5.102646778130371,nan,1.9720759640625425,4.0,9.031794081753837,linex,1.1406820687403532,RLSimplexBandit,2.795132082173241,1020.0,9.031794081753837,6.0
0.09183194170213478,2.3203540840603014,1.0,4.104512558066959,2.9080910428739366,4.104512558066959,nan,nan,4.0,2.5672078181069757,linex,1.138332121462346,MWUMBothKL,2.488494028478706,1020.0,2.5672078181069757,7.0
0.09897839582302732,1.7652746376317874,1.0,4.104512558066959,2.9080910428739366,4.104512558066959,nan,nan,4.0,2.4337077897786683,linex,1.1122670607612373,MWUMConcOnlyKL,2.384247863424219,1020.0,2.4337077897786683,7.0
0.9575052425287791,nan,1.0,4.104512558066959,2.9080910428739366,4.104512558066959,nan,nan,4.0,4.556991730448456,linex,1.3390845454741678,MWUMVanilla,3.3250814158366886,1020.0,4.556991730448456,7.0
0.055555555555555566,nan,1.0,4.104512558066959,2.9080910428739366,4.104512558066959,nan,nan,4.0,4.4130941251000575,linex,1.2394125823130944,Mean,2.9055975280873714,1020.0,4.4130941251000575,7.0
nan,nan,1.0,4.104512558066959,2.9080910428739366,4.104512558066959,nan,nan,4.0,4.335466989957784,linex,1.2210032104944541,Median,2.905578398798121,1020.0,4.335466989957784,7.0
0.11495545664501992,3.4476699410361014,1.0,4.104512558066959,2.9080910428739366,4.104512558066959,nan,nan,4.0,2.3508994249173165,linex,1.1049486818734398,OGDBoth,2.3913943630975525,1020.0,2.3508994249173165,7.0
0.11455916803277184,7.585141855088053,1.0,4.104512558066959,2.9080910428739366,4.104512558066959,nan,nan,4.0,2.369559177106865,linex,1.0857521327882025,OGDConcOnly,2.269306704481636,1020.0,2.369559177106865,7.0
0.26661793638627646,nan,1.0,4.104512558066959,2.9080910428739366,4.104512558066959,nan,nan,4.0,2.3499915810546277,linex,1.0931567440665546,OGDVanilla,2.3919524572148103,1020.0,2.3499915810546277,7.0
0.22936001899185987,2.092472346393708,1.0,4.104512558066959,2.9080910428739366,4.104512558066959,0.5284313725490196,2.834156862745098,4.0,2.631481495616937,linex,1.0493115882753075,RLKappaBandit,2.1828130516753963,1020.0,2.631481495616937,7.0
0.21353151232223969,nan,1.0,4.104512558066959,2.9080910428739366,4.104512558066959,0.3107843137254902,3.0,4.0,3.132235833011819,linex,1.1677138186782552,RLRuleBandit,2.6789176120278153,1020.0,3.132235833011819,7.0
0.738874853845488,0.2853727982589409,1.0,4.104512558066959,2.9080910428739366,4.104512558066959,nan,2.1789727777550434,4.0,6.518934384841869,linex,1.3460462004893972,RLSimplexBandit,3.191609724253436,1020.0,6.518934384841869,7.0
0.08614712550341196,2.517449655631561,9.0,3.7378450467902518,2.800024678538736,3.7378450467902518,nan,nan,4.0,2.2175406175184214,linex,1.1168182674158051,MWUMBothKL,2.421596430035054,1020.0,2.2175406175184214,8.0
0.09361966106270564,1.9152206377161622,9.0,3.7378450467902518,2.800024678538736,3.7378450467902518,nan,nan,4.0,2.1418226413192647,linex,1.0977098465383686,MWUMConcOnlyKL,2.359040445665836,1020.0,2.1418226413192647,8.0
0.9723224204935094,nan,9.0,3.7378450467902518,2.800024678538736,3.7378450467902518,nan,nan,4.0,3.919600707356418,linex,1.2123388412488156,MWUMVanilla,2.8901737256934656,1020.0,3.919600707356418,8.0
0.055555555555555566,nan,9.0,3.7378450467902518,2.800024678538736,3.7378450467902518,nan,nan,4.0,4.259047966256452,linex,1.2251160068871865,Mean,2.8582392931470633,1020.0,4.259047966256452,8.0
nan,nan,9.0,3.7378450467902518,2.800024678538736,3.7378450467902518,nan,nan,4.0,4.510923326557958,linex,1.203689059154618,Median,2.8341119232165743,1020.0,4.510923326557958,8.0
0.10527292740747929,3.74052200283371,9.0,3.7378450467902518,2.800024678538736,3.7378450467902518,nan,nan,4.0,2.0369126388849126,linex,1.1029897306315883,OGDBoth,2.3809233261497162,1020.0,2.0369126388849126,8.0
0.10609506432182288,8.229439154214752,9.0,3.7378450467902518,2.800024678538736,3.7378450467902518,nan,nan,4.0,2.128878313123417,linex,1.090358924504565,OGDConcOnly,2.3130157058669716,1020.0,2.128878313123417,8.0
0.23136772601671032,nan,9.0,3.7378450467902518,2.800024678538736,3.7378450467902518,nan,nan,4.0,1.9550348840062608,linex,1.1076787010983922,OGDVanilla,2.458488813841251,1020.0,1.9550348840062608,8.0
0.2782433765417267,1.747671271229869,9.0,3.7378450467902518,2.800024678538736,3.7378450467902518,0.3058823529411765,1.7556176470588238,4.0,2.5792719261515713,linex,1.0564577760928873,RLKappaBandit,2.240405989082863,1020.0,2.5792719261515713,8.0
0.16772196018551708,nan,9.0,3.7378450467902518,2.800024678538736,3.7378450467902518,0.7382352941176471,5.0,4.0,3.4432123549713793,linex,1.156324453532775,RLRuleBandit,2.6170453155124953,1020.0,3.4432123549713793,8.0
0.9244615623845849,0.3096129412483735,9.0,3.7378450467902518,2.800024678538736,3.7378450467902518,nan,2.679695506798613,4.0,7.848995860546563,linex,1.3519163267396521,RLSimplexBandit,3.5567652854588268,1020.0,7.848995860546563,8.0
0.07321183308059308,2.471183354337369,17.0,1.8393824863578991,2.2828367190607897,1.8393824863578991,nan,nan,4.0,1.3691742854585862,linex,0.9030112908187228,MWUMBothKL,1.7769274061619251,1020.0,1.3691742854585862,9.0
0.07678975349090555,1.8800222476028952,17.0,1.8393824863578991,2.2828367190607897,1.8393824863578991,nan,nan,4.0,1.326718712625803,linex,0.8864989861829973,MWUMConcOnlyKL,1.7250174974076087,1020.0,1.326718712625803,9.0
0.9777342379472982,nan,17.0,1.8393824863578991,2.2828367190607897,1.8393824863578991,nan,nan,4.0,1.9243504785933916,linex,1.048757075717045,MWUMVanilla,2.2282120061563537,1020.0,1.9243504785933916,9.0
0.055555555555555566,nan,17.0,1.8393824863578991,2.2828367190607897,1.8393824863578991,nan,nan,4.0,2.2223115871247234,linex,0.9759723828156052,Mean,2.046292584054465,1020.0,2.2223115871247234,9.0
nan,nan,17.0,1.8393824863578991,2.2828367190607897,1.8393824863578991,nan,nan,4.0,2.145079233347747,linex,0.9582217859930477,Median,2.029340333330518,1020.0,2.145079233347747,9.0
0.09181941387551393,3.671777780841616,17.0,1.8393824863578991,2.2828367190607897,1.8393824863578991,nan,nan,4.0,1.2643019003629405,linex,0.8762710212249742,OGDBoth,1.7213109774311557,1020.0,1.2643019003629405,9.0
0.08923856088245827,8.078196522395132,17.0,1.8393824863578991,2.2828367190607897,1.8393824863578991,nan,nan,4.0,1.3089235787613214,linex,0.8593637481617415,OGDConcOnly,1.6457841031117333,1020.0,1.3089235787613214,9.0
0.21993693287582206,nan,17.0,1.8393824863578991,2.2828367190607897,1.8393824863578991,nan,nan,4.0,1.2967998021383098,linex,0.8847730850721739,OGDVanilla,1.7886383179678333,1020.0,1.2967998021383098,9.0
0.20718326578571755,0.6334786687080186,17.0,1.8393824863578991,2.2828367190607897,1.8393824863578991,0.7872549019607843,0.6221764705882352,4.0,1.2749090948351989,linex,0.8347623529515954,RLKappaBandit,1.5585661895853717,1020.0,1.2749090948351989,9.0
0.11557320783964406,nan,17.0,1.8393824863578991,2.2828367190607897,1.8393824863578991,0.6843137254901961,4.0,4.0,1.7440784876703583,linex,0.9119195470299397,RLRuleBandit,1.8866630194677034,1020.0,1.7440784876703583,9.0
0.7600894317813529,0.30392279940488764,17.0,1.8393824863578991,2.2828367190607897,1.8393824863578991,nan,2.2416032880227994,4.0,2.843200833627113,linex,0.9976449271492802,RLSimplexBandit,2.1726261711502977,1020.0,2.843200833627113,9.0
0.17014835097113395,1.4694967818440772,15.0,14.264747961772592,6.174720982364715,14.264747961772592,nan,nan,8.0,9.902931038955659,linex,1.507559192533816,MWUMBothKL,4.366697148790156,1020.0,9.902931038955659,4.0
0.18203657541226903,0.9636385533865996,15.0,14.264747961772592,6.174720982364715,14.264747961772592,nan,nan,8.0,9.130341702783095,linex,1.4460970684526484,MWUMConcOnlyKL,4.03747398351951,1020.0,9.130341702783095,4.0
0.9533929653022538,nan,15.0,14.264747961772592,6.174720982364715,14.264747961772592,nan,nan,8.0,18.91726228044877,linex,1.740445923547377,MWUMVanilla,6.001367204843777,1020.0,18.91726228044877,4.0
0.055555555555555566,nan,15.0,14.264747961772592,6.174720982364715,14.264747961772592,nan,nan,8.0,63.70051845397832,linex,1.882626452614361,Mean,6.395069658592602,1020.0,63.70051845397832,4.0
nan,nan,15.0,14.264747961772592,6.174720982364715,14.264747961772592,nan,nan,8.0,56.251078046986436,linex,1.770816920370937,Median,5.947166099432818,1020.0,56.251078046986436,4.0
0.21408057591504137,1.389210161881092,15.0,14.264747961772592,6.174720982364715,14.264747961772592,nan,nan,8.0,9.316434242019843,linex,1.4992009956160468,OGDBoth,4.403528021865259,1020.0,9.316434242019843,4.0
0.1713486484488317,7.971268289227336,15.0,14.264747961772592,6.174720982364715,14.264747961772592,nan,nan,8.0,11.474274739684796,linex,1.5787757612916262,OGDConcOnly,4.5621875118959,1020.0,11.474274739684796,4.0
0.3174704100667526,nan,15.0,14.264747961772592,6.174720982364715,14.264747961772592,nan,nan,8.0,9.297660829219534,linex,1.567370935042782,OGDVanilla,4.892784025234796,1020.0,9.297660829219534,4.0
0.30308982425581427,1.3806064169275403,15.0,14.264747961772592,6.174720982364715,14.264747961772592,0.7745098039215687,1.1302647058823527,8.0,9.91437467295065,linex,1.416663485957549,RLKappaBandit,3.999122724995816,1020.0,9.91437467295065,4.0
0.1509372423902052,nan,15.0,14.264747961772592,6.174720982364715,14.264747961772592,0.5078431372549019,0.0,8.0,15.267203553317845,linex,1.705581547095569,RLRuleBandit,5.434349343951459,1020.0,15.267203553317845,4.0
0.9311230529244441,0.2994103592003371,15.0,14.264747961772592,6.174720982364715,14.264747961772592,nan,2.707836046962041,8.0,209.5483110456372,linex,2.399906502474815,RLSimplexBandit,9.473227344657856,1020.0,209.5483110456372,4.0
0.15119387832590087,1.4668675093767305,9.0,10.446412278552357,4.543664324804753,10.446412278552357,nan,nan,8.0,8.2271953230118,linex,1.4026561433144813,MWUMBothKL,3.69822533398792,1020.0,8.2271953230118,5.0
0.16466587052054385,0.9619143792691757,9.0,10.446412278552357,4.543664324804753,10.446412278552357,nan,nan,8.0,8.36005709031581,linex,1.3486773271163857,MWUMConcOnlyKL,3.4854764749335088,1020.0,8.36005709031581,5.0
0.9893010472057223,nan,9.0,10.446412278552357,4.543664324804753,10.446412278552357,nan,nan,8.0,11.104411144826058,linex,1.726735864895579,MWUMVanilla,5.536867262794838,1020.0,11.104411144826058,5.0
0.055555555555555566,nan,9.0,10.446412278552357,4.543664324804753,10.446412278552357,nan,nan,8.0,18.269856441468935,linex,1.7248266165367752,Mean,5.253546783988662,1020.0,18.269856441468935,5.0
nan,nan,9.0,10.446412278552357,4.543664324804753,10.446412278552357,nan,nan,8.0,18.466134359053637,linex,1.6592649945332827,Median,5.036344094711835,1020.0,18.466134359053637,5.0
0.1824383831820519,1.3867245409017734,9.0,10.446412278552357,4.543664324804753,10.446412278552357,nan,nan,8.0,8.616458317949007,linex,1.3769941627081312,OGDBoth,3.606529282753213,1020.0,8.616458317949007,5.0
0.15526199744131305,7.95700583115213,9.0,10.446412278552357,4.543664324804753,10.446412278552357,nan,nan,8.0,9.246671078808864,linex,1.435382067492809,OGDConcOnly,3.8076474009870678,1020.0,9.246671078808864,5.0
0.2709704251082091,nan,9.0,10.446412278552357,4.543664324804753,10.446412278552357,nan,nan,8.0,8.670801827000597,linex,1.435167220947572,OGDVanilla,3.9043157432155224,1020.0,8.670801827000597,5.0
0.2689801609228833,2.2031432980889347,9.0,10.446412278552357,4.543664324804753,10.446412278552357,0.6784313725490196,2.6611960784313724,8.0,9.03309377002205,linex,1.3853406442725422,RLKappaBandit,3.678686865233745,1020.0,9.03309377002205,5.0
0.21141793764402902,nan,9.0,10.446412278552357,4.543664324804753,10.446412278552357,0.8,3.0,8.0,11.155812670267862,linex,1.4574441077065967,RLRuleBandit,4.136669668518141,1020.0,11.155812670267862,5.0
0.8086328581018444,0.2988746442374939,9.0,10.446412278552357,4.543664324804753,10.446412278552357,nan,2.390106890944046,8.0,34.784493703298345,linex,1.7949730293846802,RLSimplexBandit,5.860710014753719,1020.0,34.784493703298345,5.0
0.12201298235836161,1.378385106127221,9.0,5.58419377110435,3.5716313004831837,5.58419377110435,nan,nan,8.0,4.005815903822203,linex,1.1981394167600425,MWUMBothKL,2.85632844032238,1020.0,4.005815903822203,6.0
0.13223866653580793,0.9038910776049642,9.0,5.58419377110435,3.5716313004831837,5.58419377110435,nan,nan,8.0,3.9098832420263125,linex,1.1473381038978328,MWUMConcOnlyKL,2.662485631339847,1020.0,3.9098832420263125,6.0
0.9598154720031391,nan,9.0,5.58419377110435,3.5716313004831837,5.58419377110435,nan,nan,8.0,9.994571821626558,linex,1.4420175906315134,MWUMVanilla,4.2017713222331885,1020.0,9.994571821626558,6.0
0.055555555555555566,nan,9.0,5.58419377110435,3.5716313004831837,5.58419377110435,nan,nan,8.0,25.113318325197508,linex,1.429661676179852,Mean,3.9993221732894066,1020.0,25.113318325197508,6.0
nan,nan,9.0,5.58419377110435,3.5716313004831837,5.58419377110435,nan,nan,8.0,15.035298242070123,linex,1.3593851068447695,Median,3.735541363393251,1020.0,15.035298242070123,6.0
0.15869235726431297,1.3030764136921138,9.0,5.58419377110435,3.5716313004831837,5.58419377110435,nan,nan,8.0,4.539543435041569,linex,1.1708531884058397,OGDBoth,2.7481174555778902,1020.0,4.539543435041569,6.0
0.12479760455042031,7.477034058575445,9.0,5.58419377110435,3.5716313004831837,5.58419377110435,nan,nan,8.0,4.2270862973969185,linex,1.1916006415060902,OGDConcOnly,2.8457669270718453,1020.0,4.2270862973969185,6.0
0.2806471600346251,nan,9.0,5.58419377110435,3.5716313004831837,5.58419377110435,nan,nan,8.0,5.860782422880886,linex,1.2135772778655136,OGDVanilla,2.9827930092097175,1020.0,5.860782422880886,6.0
0.23933887911640153,2.468352917611455,9.0,5.58419377110435,3.5716313004831837,5.58419377110435,0.734313725490196,1.9907549019607844,8.0,4.057573986841291,linex,1.121952828715257,RLKappaBandit,2.576230001777175,1020.0,4.057573986841291,6.0
0.13885113082399236,nan,9.0,5.58419377110435,3.5716313004831837,5.58419377110435,0.5833333333333334,6.0,8.0,4.433025831521331,linex,1.196271028509038,RLRuleBandit,2.9230040641131363,1020.0,4.433025831521331,6.0
0.8838181974126735,0.2808463310984892,9.0,5.58419377110435,3.5716313004831837,5.58419377110435,nan,2.678880662590196,8.0,91.46930644439635,linex,1.7336996072974007,RLSimplexBandit,5.556460300237869,1020.0,91.46930644439635,6.0
0.14175658625789092,1.4006008669418157,1.0,5.44862708436599,3.7922348834436503,5.44862708436599,nan,nan,8.0,3.8576063897756203,linex,1.2587433372010841,MWUMBothKL,3.095467718337795,1020.0,3.8576063897756203,7.0
0.15782733320539724,0.9184593052310867,1.0,5.44862708436599,3.7922348834436503,5.44862708436599,nan,nan,8.0,3.851357789644086,linex,1.2138695991868171,MWUMConcOnlyKL,2.8941000787432634,1020.0,3.851357789644086,7.0
0.9778349403442335,nan,1.0,5.44862708436599,3.7922348834436503,5.44862708436599,nan,nan,8.0,5.788384733538599,linex,1.4803469808807899,MWUMVanilla,4.0409077287309545,1020.0,5.788384733538599,7.0
0.055555555555555566,nan,1.0,5.44862708436599,3.7922348834436503,5.44862708436599,nan,nan,8.0,8.372679630997853,linex,1.5153965552334825,Mean,4.298962189296678,1020.0,8.372679630997853,7.0
nan,nan,1.0,5.44862708436599,3.7922348834436503,5.44862708436599,nan,nan,8.0,7.767086811224645,linex,1.468221539860222,Median,4.154057985573341,1020.0,7.767086811224645,7.0
0.18192792484024287,1.3240784063870727,1.0,5.44862708436599,3.7922348834436503,5.44862708436599,nan,nan,8.0,3.935621023228676,linex,1.2438077164531978,OGDBoth,3.1753361329120358,1020.0,3.935621023228676,7.0
0.14949398715908538,7.597543196050525,1.0,5.44862708436599,3.7922348834436503,5.44862708436599,nan,nan,8.0,4.107144555909703,linex,1.290251791478682,OGDConcOnly,3.1136646363618543,1020.0,4.107144555909703,7.0
0.28869179833391145,nan,1.0,5.44862708436599,3.7922348834436503,5.44862708436599,nan,nan,8.0,3.8808189693015667,linex,1.2824061500596382,OGDVanilla,3.393882048124333,1020.0,3.8808189693015667,7.0
0.25421828582980677,1.49846866339034,1.0,5.44862708436599,3.7922348834436503,5.44862708436599,0.6431372549019608,1.551294117647059,8.0,4.398799986297254,linex,1.2322887463924121,RLKappaBandit,2.9877315117730507,1020.0,4.398799986297254,7.0
0.20067277329692454,nan,1.0,5.44862708436599,3.7922348834436503,5.44862708436599,0.46372549019607845,3.0,8.0,6.210980378289526,linex,1.37085107555335,RLRuleBandit,3.677963975080092,1020.0,6.210980378289526,7.0
0.7429972608109553,0.2853727982589409,1.0,5.44862708436599,3.7922348834436503,5.44862708436599,nan,2.2277585439541285,8.0,17.966692340029624,linex,1.6782085704183662,RLSimplexBandit,4.999217415859777,1020.0,17.966692340029624,7.0
0.11970304496999244,1.5195707389580924,15.0,5.1070989145193275,4.064042461821021,5.1070989145193275,nan,nan,8.0,2.6664333447313115,linex,1.2137869335767828,MWUMBothKL,2.892374820024149,1020.0,2.6664333447313115,8.0
0.13600195255140848,0.9964750972918808,15.0,5.1070989145193275,4.064042461821021,5.1070989145193275,nan,nan,8.0,2.686924658322355,linex,1.1707918081111,MWUMConcOnlyKL,2.742439627859527,1020.0,2.686924658322355,8.0
0.9691040799428142,nan,15.0,5.1070989145193275,4.064042461821021,5.1070989145193275,nan,nan,8.0,5.873026159837237,linex,1.4000568892973853,MWUMVanilla,3.694292204970907,1020.0,5.873026159837237,8.0
0.055555555555555566,nan,15.0,5.1070989145193275,4.064042461821021,5.1070989145193275,nan,nan,8.0,14.161945525063729,linex,1.432855690414156,Mean,3.8849654840021137,1020.0,14.161945525063729,8.0
nan,nan,15.0,5.1070989145193275,4.064042461821021,5.1070989145193275,nan,nan,8.0,13.3382601094767,linex,1.3780274916695834,Median,3.732427917171647,1020.0,13.3382601094767,8.0
0.1451739643662119,1.4365483057462953,15.0,5.1070989145193275,4.064042461821021,5.1070989145193275,nan,nan,8.0,2.6458354200142136,linex,1.1973255329928072,OGDBoth,2.869342909501205,1020.0,2.6458354200142136,8.0
0.12516615142248919,8.242893890175017,15.0,5.1070989145193275,4.064042461821021,5.1070989145193275,nan,nan,8.0,4.383835535385347,linex,1.2327429890952448,OGDConcOnly,2.9850438270896933,1020.0,4.383835535385347,8.0
0.22702478949180208,nan,15.0,5.1070989145193275,4.064042461821021,5.1070989145193275,nan,nan,8.0,2.6754961705923237,linex,1.2277219573981988,OGDVanilla,3.0001435393439295,1020.0,2.6754961705923237,8.0
0.2563950660569024,1.4429845071923182,15.0,5.1070989145193275,4.064042461821021,5.1070989145193275,0.6686274509803921,1.2144607843137254,8.0,2.783898814214307,linex,1.1539300463979814,RLKappaBandit,2.76586147249417,1020.0,2.783898814214307,8.0
0.21410123981443194,nan,15.0,5.1070989145193275,4.064042461821021,5.1070989145193275,0.6254901960784314,3.0,8.0,9.155990075533674,linex,1.2807954673576036,RLRuleBandit,3.2608190466972324,1020.0,9.155990075533674,8.0
0.9634567473416007,0.3096129412483735,15.0,5.1070989145193275,4.064042461821021,5.1070989145193275,nan,2.7797409088070073,8.0,301.85437691148167,linex,2.1507333925835663,RLSimplexBandit,8.656016258479028,1020.0,301.85437691148167,8.0
0.10185072137183054,1.4916436987929795,17.0,2.4291647083901013,2.726987852997738,2.4291647083901013,nan,nan,8.0,1.78509766194536,linex,0.9954679992397245,MWUMBothKL,2.088540147240775,1020.0,1.78509766194536,9.0
0.11631841544525078,0.978161635896404,17.0,2.4291647083901013,2.726987852997738,2.4291647083901013,nan,nan,8.0,1.8681513389944202,linex,0.9638687978756623,MWUMConcOnlyKL,1.9552948369938123,1020.0,1.8681513389944202,9.0
0.9873390686861554,nan,17.0,2.4291647083901013,2.726987852997738,2.4291647083901013,nan,nan,8.0,2.422495363702297,linex,1.164062436907231,MWUMVanilla,2.6288723923303703,1020.0,2.422495363702297,9.0
0.055555555555555566,nan,17.0,2.4291647083901013,2.726987852997738,2.4291647083901013,nan,nan,8.0,4.032250477956927,linex,1.1673500795623206,Mean,2.7571947115868243,1020.0,4.032250477956927,9.0
nan,nan,17.0,2.4291647083901013,2.726987852997738,2.4291647083901013,nan,nan,8.0,3.6859692646347013,linex,1.1086573281808245,Median,2.616784752919612,1020.0,3.6859692646347013,9.0
0.1324980245538563,1.4101470720260347,17.0,2.4291647083901013,2.726987852997738,2.4291647083901013,nan,nan,8.0,1.815292820722288,linex,0.970278393389367,OGDBoth,2.0376960083634454,1020.0,1.815292820722288,9.0
0.10641421494405623,8.091403983949577,17.0,2.4291647083901013,2.726987852997738,2.4291647083901013,nan,nan,8.0,2.233652535723331,linex,1.0132036148253425,OGDConcOnly,2.0645588892069537,1020.0,2.233652535723331,9.0
0.22860123245036146,nan,17.0,2.4291647083901013,2.726987852997738,2.4291647083901013,nan,nan,8.0,1.9008760719063778,linex,0.9960138578837733,OGDVanilla,2.148367170297409,1020.0,1.9008760719063778,9.0
0.5635110985224909,0.21883365234303462,17.0,2.4291647083901013,2.726987852997738,2.4291647083901013,0.04215686274509804,0.1365882352941176,8.0,2.506922697974037,linex,0.9075794030312391,RLKappaBandit,1.763123738789856,1020.0,2.506922697974037,9.0
0.09736970295827489,nan,17.0,2.4291647083901013,2.726987852997738,2.4291647083901013,0.9343137254901961,5.0,8.0,2.2009551165497188,linex,1.0187259857909816,RLRuleBandit,2.189323497749941,1020.0,2.2009551165497188,9.0
0.8559235027522739,0.30392279940488764,17.0,2.4291647083901013,2.726987852997738,2.4291647083901013,nan,2.5082179671696805,8.0,5.322959097528093,linex,1.4667523013476267,RLSimplexBandit,3.7440031832163987,1020.0,5.322959097528093,9.0
0.0717839838640194,0.005703125739837113,1.0,0.7553043297358698,1.001357752471105,1.001357752471105,nan,nan,1.0,0.7118514820301081,mse,0.6670526118963412,MWUMBothKL,0.9802378812153654,1020.0,0.9802378812153654,4.0
0.05697817315929014,7.834514467721228,1.0,0.7553043297358698,1.001357752471105,1.001357752471105,nan,nan,1.0,0.727375830252202,mse,0.6762814232580344,MWUMConcOnlyKL,1.0002096075058253,1020.0,1.0002096075058253,4.0
0.07224691389497243,nan,1.0,0.7553043297358698,1.001357752471105,1.001357752471105,nan,nan,1.0,0.7116548574693563,mse,0.6670321039706605,MWUMVanilla,0.9802127010709306,1020.0,0.9802127010709306,4.0
0.055555555555555566,nan,1.0,0.7553043297358698,1.001357752471105,1.001357752471105,nan,nan,1.0,0.7071582105390617,mse,0.6891118624843299,Mean,1.0065535053603296,1020.0,1.0065535053603296,4.0
nan,nan,1.0,0.7553043297358698,1.001357752471105,1.001357752471105,nan,nan,1.0,0.7163473239812221,mse,0.6680778701612725,Median,0.9864999609922985,1020.0,0.9864999609922985,4.0
0.060754629363367466,0.05193036761433528,1.0,0.7553043297358698,1.001357752471105,1.001357752471105,nan,nan,1.0,0.7212924566953073,mse,0.6750966931620518,OGDBoth,0.9908596400607371,1020.0,0.9908596400607371,4.0
0.09745958983031631,7.973364773960086,1.0,0.7553043297358698,1.001357752471105,1.001357752471105,nan,nan,1.0,0.8483323787338135,mse,0.7234973128822916,OGDConcOnly,1.1295659659497514,1020.0,1.1295659659497514,4.0
0.06098506149721687,nan,1.0,0.7553043297358698,1.001357752471105,1.001357752471105,nan,nan,1.0,0.7214436113923465,mse,0.6751221472781234,OGDVanilla,0.9908592059428185,1020.0,0.9908592059428185,4.0
0.33911954806883066,1.0602984935297386,1.0,0.7553043297358698,1.001357752471105,1.001357752471105,0.34901960784313724,1.3220392156862746,1.0,0.8103256522849082,mse,0.7024827917841497,RLKappaBandit,1.0803387413334853,1020.0,1.0803387413334853,4.0
0.06250102772256619,nan,1.0,0.7553043297358698,1.001357752471105,1.001357752471105,0.41862745098039217,3.0,1.0,0.7435884453213907,mse,0.6755828190568572,RLRuleBandit,1.000790447428113,1020.0,1.000790447428113,4.0
0.5558937586018948,0.2994103592003371,1.0,0.7553043297358698,1.001357752471105,1.001357752471105,nan,1.6615362216225267,1.0,0.738916085995585,mse,0.6847276651882419,RLSimplexBandit,1.0080518716435116,1020.0,1.0080518716435116,4.0
0.06606316147630714,0.005692921517772227,3.0,0.8557376034300851,0.9997619158819328,0.9997619158819328,nan,nan,1.0,0.9372719724796286,mse,0.6757926039315835,MWUMBothKL,0.9564631826902067,1020.0,0.9564631826902067,5.0
0.05704392766670661,7.8204966941272245,3.0,0.8557376034300851,0.9997619158819328,0.9997619158819328,nan,nan,1.0,0.9535308757248572,mse,0.6872297299217969,MWUMConcOnlyKL,0.974895827472836,1020.0,0.974895827472836,5.0
0.06625749749655051,nan,3.0,0.8557376034300851,0.9997619158819328,0.9997619158819328,nan,nan,1.0,0.9374072431954009,mse,0.6757846320404675,MWUMVanilla,0.9564807661311754,1020.0,0.9564807661311754,5.0
0.055555555555555566,nan,3.0,0.8557376034300851,0.9997619158819328,0.9997619158819328,nan,nan,1.0,0.975886648465916,mse,0.6921041037102512,Mean,0.9764259020072102,1020.0,0.9764259020072102,5.0
nan,nan,3.0,0.8557376034300851,0.9997619158819328,0.9997619158819328,nan,nan,1.0,0.9332404800595288,mse,0.6783503008545254,Median,0.9597688807815133,1020.0,0.9597688807815133,5.0
0.06005925499893915,0.05183745207516939,3.0,0.8557376034300851,0.9997619158819328,0.9997619158819328,nan,nan,1.0,0.9367618368376952,mse,0.680353922451188,OGDBoth,0.961262958551085,1020.0,0.961262958551085,5.0
0.09276000815700988,7.959098564784739,3.0,0.8557376034300851,0.9997619158819328,0.9997619158819328,nan,nan,1.0,1.076766000206927,mse,0.7286631879804694,OGDConcOnly,1.0797154570650989,1020.0,1.0797154570650989,5.0
0.060191482857738954,nan,3.0,0.8557376034300851,0.9997619158819328,0.9997619158819328,nan,nan,1.0,0.9366588917393739,mse,0.6803015545182283,OGDVanilla,0.9611970591618376,1020.0,0.9611970591618376,5.0
0.2091492006194404,2.196630931535714,3.0,0.8557376034300851,0.9997619158819328,0.9997619158819328,0.6598039215686274,1.8440098039215687,1.0,1.036176427118329,mse,0.7098115010935254,RLKappaBandit,1.0409682942026954,1020.0,1.0409682942026954,5.0
0.0630105886123016,nan,3.0,0.8557376034300851,0.9997619158819328,0.9997619158819328,0.403921568627451,1.0,1.0,0.9417656656247996,mse,0.6830103868152045,RLRuleBandit,0.9647363719114301,1020.0,0.9647363719114301,5.0
0.41866043733149993,0.2988746442374939,3.0,0.8557376034300851,0.9997619158819328,0.9997619158819328,nan,1.1866637499326576,1.0,0.9511991752196294,mse,0.6903715291258681,RLSimplexBandit,0.9965560975216818,1020.0,0.9965560975216818,5.0
0.06636978611259704,0.005349520785133898,3.0,0.8807148274288136,0.8705221783389452,0.8705221783389452,nan,nan,1.0,0.8634913604690457,mse,0.6242494241122547,MWUMBothKL,0.843385499964695,1020.0,0.843385499964695,6.0
0.05667429906436367,7.34875924157758,3.0,0.8807148274288136,0.8705221783389452,0.8705221783389452,nan,nan,1.0,0.8890553585900933,mse,0.632587937477177,MWUMConcOnlyKL,0.8608320624388148,1020.0,0.8608320624388148,6.0
0.06657682390330025,nan,3.0,0.8807148274288136,0.8705221783389452,0.8705221783389452,nan,nan,1.0,0.8625952755720975,mse,0.624286450425116,MWUMVanilla,0.8433602150534357,1020.0,0.8433602150534357,6.0
0.055555555555555566,nan,3.0,0.8807148274288136,0.8705221783389452,0.8705221783389452,nan,nan,1.0,0.7903439647251354,mse,0.6429531847149005,Mean,0.8615416916041848,1020.0,0.8615416916041848,6.0
nan,nan,3.0,0.8807148274288136,0.8705221783389452,0.8705221783389452,nan,nan,1.0,0.8626227027047803,mse,0.6273073329503215,Median,0.8539701994010088,1020.0,0.8539701994010088,6.0
0.06002330572582722,0.0487105832144015,3.0,0.8807148274288136,0.8705221783389452,0.8705221783389452,nan,nan,1.0,0.8866826620478176,mse,0.6274880107794444,OGDBoth,0.8490495010649722,1020.0,0.8490495010649722,6.0
0.08610955685020247,7.479000557152745,3.0,0.8807148274288136,0.8705221783389452,0.8705221783389452,nan,nan,1.0,1.145295047218284,mse,0.6507916677108231,OGDConcOnly,0.9364839450955359,1020.0,0.9364839450955359,6.0
0.060193179609501164,nan,3.0,0.8807148274288136,0.8705221783389452,0.8705221783389452,nan,nan,1.0,0.886604501318531,mse,0.6274437270416697,OGDVanilla,0.8489357209369839,1020.0,0.8489357209369839,6.0
0.1219492425034212,2.644237649679386,3.0,0.8807148274288136,0.8705221783389452,0.8705221783389452,0.9303921568627451,2.4788823529411763,1.0,1.1080323235212073,mse,0.6377068032852021,RLKappaBandit,0.9255641143847101,1020.0,0.9255641143847101,6.0
0.056838888127936395,nan,3.0,0.8807148274288136,0.8705221783389452,0.8705221783389452,0.6519607843137255,6.0,1.0,0.814073985922116,mse,0.6354479566824421,RLRuleBandit,0.8583702043190398,1020.0,0.8583702043190398,6.0
0.43916403157992345,0.2808463310984892,3.0,0.8807148274288136,0.8705221783389452,0.8705221783389452,nan,1.297747407880035,1.0,0.8196118714294558,mse,0.6388737853726788,RLSimplexBandit,0.866040212638025,1020.0,0.866040212638025,6.0
0.06570413076993036,0.005435740284827381,1.0,0.7242732472547267,0.7630809631056608,0.7630809631056608,nan,nan,1.0,0.758009424437022,mse,0.5804199789776008,MWUMBothKL,0.7299092814714079,1020.0,0.7299092814714079,7.0
0.056419089111297255,7.467200943297376,1.0,0.7242732472547267,0.7630809631056608,0.7630809631056608,nan,nan,1.0,0.7542150615823776,mse,0.5895419366480935,MWUMConcOnlyKL,0.7488047064314441,1020.0,0.7488047064314441,7.0
0.06582052328859643,nan,1.0,0.7242732472547267,0.7630809631056608,0.7630809631056608,nan,nan,1.0,0.7577396686795292,mse,0.5804287322212396,MWUMVanilla,0.7299001168632684,1020.0,0.7299001168632684,7.0
0.055555555555555566,nan,1.0,0.7242732472547267,0.7630809631056608,0.7630809631056608,nan,nan,1.0,0.7402458008629073,mse,0.5967456867551533,Mean,0.7563528013407654,1020.0,0.7563528013407654,7.0
nan,nan,1.0,0.7242732472547267,0.7630809631056608,0.7630809631056608,nan,nan,1.0,0.745024767960675,mse,0.5837635450326196,Median,0.7398027110816986,1020.0,0.7398027110816986,7.0
0.06170791146670114,0.04949566327731005,1.0,0.7242732472547267,0.7630809631056608,0.7630809631056608,nan,nan,1.0,0.7758019025801455,mse,0.5856911672927761,OGDBoth,0.7364663519561677,1020.0,0.7364663519561677,7.0
0.08491306669335037,7.599541389153429,1.0,0.7242732472547267,0.7630809631056608,0.7630809631056608,nan,nan,1.0,0.9092621817579444,mse,0.6212479170874597,OGDConcOnly,0.8563424255501871,1020.0,0.8563424255501871,7.0
0.061966534367494226,nan,1.0,0.7242732472547267,0.7630809631056608,0.7630809631056608,nan,nan,1.0,0.775409417669971,mse,0.5856690723239864,OGDVanilla,0.7363557925728603,1020.0,0.7363557925728603,7.0
0.2484357697524917,1.260069861870289,1.0,0.7242732472547267,0.7630809631056608,0.7630809631056608,0.5107843137254902,1.5811666666666668,1.0,0.9739487387091372,mse,0.6089761595858914,RLKappaBandit,0.8194720149132906,1020.0,0.8194720149132906,7.0
0.06591576382936042,nan,1.0,0.7242732472547267,0.7630809631056608,0.7630809631056608,0.3284313725490196,4.0,1.0,0.7820549792169215,mse,0.6043708203158686,RLRuleBandit,0.7728057112487785,1020.0,0.7728057112487785,7.0
0.2813200509159237,0.2853727982589409,1.0,0.7242732472547267,0.7630809631056608,0.7630809631056608,nan,0.827748162798356,1.0,0.5990909559337089,mse,0.5923397812032001,RLSimplexBandit,0.7424289777303388,1020.0,0.7424289777303388,7.0
0.06881902929747935,0.005897463064859401,3.0,0.7126134281299358,0.842042918013108,0.842042918013108,nan,nan,1.0,0.7267885605556967,mse,0.6265072613377508,MWUMBothKL,0.8184570111057293,1020.0,0.8184570111057293,8.0
0.05633148357101929,8.101480102701048,3.0,0.7126134281299358,0.842042918013108,0.842042918013108,nan,nan,1.0,0.7112996714567217,mse,0.6330237196868048,MWUMConcOnlyKL,0.8252447109638824,1020.0,0.8252447109638824,8.0
0.06919693153550525,nan,3.0,0.7126134281299358,0.842042918013108,0.842042918013108,nan,nan,1.0,0.7267268183679797,mse,0.6265830467419806,MWUMVanilla,0.8185409321008786,1020.0,0.8185409321008786,8.0
0.055555555555555566,nan,3.0,0.7126134281299358,0.842042918013108,0.842042918013108,nan,nan,1.0,0.6611798165489464,mse,0.6420643996953845,Mean,0.8324843871472845,1020.0,0.8324843871472845,8.0
nan,nan,3.0,0.7126134281299358,0.842042918013108,0.842042918013108,nan,nan,1.0,0.7090081808144535,mse,0.6297085146447498,Median,0.8237846841963438,1020.0,0.8237846841963438,8.0
0.06024833673666138,0.05369992507983178,3.0,0.7126134281299358,0.842042918013108,0.842042918013108,nan,nan,1.0,0.7261006508280283,mse,0.6301735553124764,OGDBoth,0.8243872824472444,1020.0,0.8243872824472444,8.0
0.0802414003508535,8.245061813843797,3.0,0.7126134281299358,0.842042918013108,0.842042918013108,nan,nan,1.0,0.7920662433345137,mse,0.6452686978856407,OGDConcOnly,0.8594677026737256,1020.0,0.8594677026737256,8.0
0.06043809945559152,nan,3.0,0.7126134281299358,0.842042918013108,0.842042918013108,nan,nan,1.0,0.7267037093450004,mse,0.6300741931373208,OGDVanilla,0.8243120399591105,1020.0,0.8243120399591105,8.0
0.28747664982119836,0.48687011440116973,3.0,0.7126134281299358,0.842042918013108,0.842042918013108,0.3911764705882353,0.5766470588235294,1.0,0.8728466817544273,mse,0.6501360125265516,RLKappaBandit,0.9075093007922349,1020.0,0.9075093007922349,8.0
0.06559810310934161,nan,3.0,0.7126134281299358,0.842042918013108,0.842042918013108,0.6529411764705882,2.0,1.0,0.7477258538509314,mse,0.6301598605620903,RLRuleBandit,0.8275084116271609,1020.0,0.8275084116271609,8.0
0.7130934037665578,0.3096129412483735,3.0,0.7126134281299358,0.842042918013108,0.842042918013108,nan,2.064104016864437,1.0,2.1667264611482615,mse,1.0439115635806386,RLSimplexBandit,2.1304811863188977,1020.0,2.1304811863188977,8.0
0.06657270375009165,0.005789078056078879,1.0,0.4664854025767895,0.6620452425278367,0.6620452425278367,nan,nan,1.0,0.4872920278676595,mse,0.5282069048346653,MWUMBothKL,0.6276029044011282,1020.0,0.6276029044011282,9.0
0.05602016477016302,7.952589133413151,1.0,0.4664854025767895,0.6620452425278367,0.6620452425278367,nan,nan,1.0,0.47758422294500674,mse,0.5323987295971861,MWUMConcOnlyKL,0.6319133320935157,1020.0,0.6319133320935157,9.0
0.06679750961339509,nan,1.0,0.4664854025767895,0.6620452425278367,0.6620452425278367,nan,nan,1.0,0.4873701703364837,mse,0.5282223942361288,MWUMVanilla,0.6276925705205663,1020.0,0.6276925705205663,9.0
0.055555555555555566,nan,1.0,0.4664854025767895,0.6620452425278367,0.6620452425278367,nan,nan,1.0,0.45647573737193214,mse,0.5346364930463663,Mean,0.6315944170440676,1020.0,0.6315944170440676,9.0
nan,nan,1.0,0.4664854025767895,0.6620452425278367,0.6620452425278367,nan,nan,1.0,0.4782550455785603,mse,0.5254173814204885,Median,0.6254757132734858,1020.0,0.6254757132734858,9.0
0.057903378878737845,0.052713014812267485,1.0,0.4664854025767895,0.6620452425278367,0.6620452425278367,nan,nan,1.0,0.4795695757132753,mse,0.532006946025042,OGDBoth,0.630768066968281,1020.0,0.630768066968281,9.0
0.0742914579252339,8.093532064990557,1.0,0.4664854025767895,0.6620452425278367,0.6620452425278367,nan,nan,1.0,0.5751201948062314,mse,0.5513384151238814,OGDConcOnly,0.6880941339197737,1020.0,0.6880941339197737,9.0
0.05800895985048086,nan,1.0,0.4664854025767895,0.6620452425278367,0.6620452425278367,nan,nan,1.0,0.48002028877324493,mse,0.53198558732746,OGDVanilla,0.6307475397483857,1020.0,0.6307475397483857,9.0
0.1726682907286877,3.0786685652551347,1.0,0.4664854025767895,0.6620452425278367,0.6620452425278367,0.6833333333333333,4.098107843137255,1.0,0.5907310526515147,mse,0.5443308900952654,RLKappaBandit,0.6841890623341865,1020.0,0.6841890623341865,9.0
0.0568216896117157,nan,1.0,0.4664854025767895,0.6620452425278367,0.6620452425278367,0.6617647058823529,6.0,1.0,0.4793263925007249,mse,0.534676411188695,RLRuleBandit,0.6421603823708474,1020.0,0.6421603823708474,9.0
0.14582789756655973,0.30392279940488764,1.0,0.4664854025767895,0.6620452425278367,0.6620452425278367,nan,0.42111917521331615,1.0,0.4848709319948493,mse,0.5304472106114987,RLSimplexBandit,0.6300721890622997,1020.0,0.6300721890622997,9.0
0.2305932756366068,0.5901606373593485,9.0,11.759780119490873,3.82424542804566,3.82424542804566,nan,nan,4.0,4.692319943485012,mse,1.1779216658539415,MWUMBothKL,2.7763375063297304,1020.0,2.7763375063297304,4.0
0.3369141604463496,0.2800166231649903,9.0,11.759780119490873,3.82424542804566,3.82424542804566,nan,nan,4.0,4.055079140445096,mse,1.139175712589397,MWUMConcOnlyKL,2.6536729088754356,1020.0,2.6536729088754356,4.0
0.4594400773295023,nan,9.0,11.759780119490873,3.82424542804566,3.82424542804566,nan,nan,4.0,11.507621254284784,mse,1.387054682091126,MWUMVanilla,3.858273601584159,1020.0,3.858273601584159,4.0
0.055555555555555566,nan,9.0,11.759780119490873,3.82424542804566,3.82424542804566,nan,nan,4.0,10.841789099790153,mse,1.459951779566515,Mean,4.056342968157746,1020.0,4.056342968157746,4.0
nan,nan,9.0,11.759780119490873,3.82424542804566,3.82424542804566,nan,nan,4.0,10.582700344006598,mse,1.4267419971592272,Median,4.035733680146344,1020.0,4.035733680146344,4.0
0.19835523249276127,0.8822835780831084,9.0,11.759780119490873,3.82424542804566,3.82424542804566,nan,nan,4.0,4.690115136375995,mse,1.2004097063612966,OGDBoth,2.8731580010592737,1020.0,2.8731580010592737,4.0
0.16356026944592997,7.958256923130801,9.0,11.759780119490873,3.82424542804566,3.82424542804566,nan,nan,4.0,8.009940560584065,mse,1.293241831512117,OGDConcOnly,3.2921638257299732,1020.0,3.2921638257299732,4.0
0.26704188159154224,nan,9.0,11.759780119490873,3.82424542804566,3.82424542804566,nan,nan,4.0,4.617004570293803,mse,1.2023289622727875,OGDVanilla,2.8999946772019993,1020.0,2.8999946772019993,4.0
0.4494964158437801,0.968212133743281,9.0,11.759780119490873,3.82424542804566,3.82424542804566,0.5656862745098039,1.0362352941176471,4.0,4.437164242690543,mse,1.1626824930020332,RLKappaBandit,2.775804645645652,1020.0,2.775804645645652,4.0
0.25712907995232115,nan,9.0,11.759780119490873,3.82424542804566,3.82424542804566,0.4666666666666667,6.0,4.0,10.36662299923181,mse,1.2776204240376967,RLRuleBandit,3.4821518248394923,1020.0,3.4821518248394923,4.0
0.8219328639307797,0.2994103592003371,9.0,11.759780119490873,3.82424542804566,3.82424542804566,nan,2.4395736213877286,4.0,10.433625227736892,mse,1.4644414478466579,RLSimplexBandit,4.25874333784058,1020.0,4.25874333784058,4.0
0.2209902226577262,0.5891047023383996,0.0,13.219440888420124,3.5759876613453687,3.5759876613453687,nan,nan,4.0,7.224823619244814,mse,1.1405464730833659,MWUMBothKL,2.64885523505488,1020.0,2.64885523505488,5.0
0.3256276533925568,0.27951560811903475,0.0,13.219440888420124,3.5759876613453687,3.5759876613453687,nan,nan,4.0,7.469008593606276,mse,1.0978484188506092,MWUMConcOnlyKL,2.5035350698761034,1020.0,2.5035350698761034,5.0
0.21977368042716974,nan,0.0,13.219440888420124,3.5759876613453687,3.5759876613453687,nan,nan,4.0,11.641038707780385,mse,1.3451069800482907,MWUMVanilla,3.5544592130310178,1020.0,3.5544592130310178,5.0
0.055555555555555566,nan,0.0,13.219440888420124,3.5759876613453687,3.5759876613453687,nan,nan,4.0,10.733752776544943,mse,1.385801732925426,Mean,3.63245368518103,1020.0,3.63245368518103,5.0
nan,nan,0.0,13.219440888420124,3.5759876613453687,3.5759876613453687,nan,nan,4.0,11.428661559974673,mse,1.3697976276529098,Median,3.664021809301019,1020.0,3.664021809301019,5.0
0.18339969631658293,0.8807049669905852,0.0,13.219440888420124,3.5759876613453687,3.5759876613453687,nan,nan,4.0,6.996081123229732,mse,1.1750272905516048,OGDBoth,2.7177165915597556,1020.0,2.7177165915597556,5.0
0.14531407491669496,7.944017745424129,0.0,13.219440888420124,3.5759876613453687,3.5759876613453687,nan,nan,4.0,6.850284729044646,mse,1.197164350815421,OGDConcOnly,2.7612811583518915,1020.0,2.7612811583518915,5.0
0.2488396898474588,nan,0.0,13.219440888420124,3.5759876613453687,3.5759876613453687,nan,nan,4.0,7.077754304627479,mse,1.1778936411781717,OGDVanilla,2.728431965863081,1020.0,2.728431965863081,5.0
0.28592235604701416,1.5523932004706342,0.0,13.219440888420124,3.5759876613453687,3.5759876613453687,0.7676470588235295,1.2399215686274507,4.0,7.9582902550178805,mse,1.149169779886545,RLKappaBandit,2.692030705325576,1020.0,2.692030705325576,5.0
0.1714981920080362,nan,0.0,13.219440888420124,3.5759876613453687,3.5759876613453687,0.5284313725490196,1.0,4.0,10.40932259150313,mse,1.298753619358639,RLRuleBandit,3.2496334367871897,1020.0,3.2496334367871897,5.0
0.6863549985389111,0.2988746442374939,0.0,13.219440888420124,3.5759876613453687,3.5759876613453687,nan,2.0653320940928137,4.0,13.824311712966315,mse,1.3623118945560013,RLSimplexBandit,3.579651675582309,1020.0,3.579651675582309,5.0
0.1838922713774768,0.5535695231246774,9.0,8.114518897248844,2.7332385602644793,2.7332385602644793,nan,nan,4.0,2.94417118328939,mse,1.0047394102753373,MWUMBothKL,2.111814234362128,1020.0,2.111814234362128,6.0
0.28855989964084167,0.2626550446434493,9.0,8.114518897248844,2.7332385602644793,2.7332385602644793,nan,nan,4.0,2.830703638333615,mse,0.9711159239995546,MWUMConcOnlyKL,1.9752339010861468,1020.0,1.9752339010861468,6.0
0.24725788352070976,nan,9.0,8.114518897248844,2.7332385602644793,2.7332385602644793,nan,nan,4.0,9.924079628323291,mse,1.1341767955542437,MWUMVanilla,2.7535242413710073,1020.0,2.7535242413710073,6.0
0.055555555555555566,nan,9.0,8.114518897248844,2.7332385602644793,2.7332385602644793,nan,nan,4.0,22.530687032832144,mse,1.1821892315218077,Mean,2.8747808965326644,1020.0,2.8747808965326644,6.0
nan,nan,9.0,8.114518897248844,2.7332385602644793,2.7332385602644793,nan,nan,4.0,18.833659631215284,mse,1.142222741645373,Median,2.7917918197665923,1020.0,2.7917918197665923,6.0
0.15569601248619228,0.8275802699508249,9.0,8.114518897248844,2.7332385602644793,2.7332385602644793,nan,nan,4.0,3.1126310962220245,mse,1.0131859367128548,OGDBoth,2.1266472812721986,1020.0,2.1266472812721986,6.0
0.1255755199195423,7.464829422635154,9.0,8.114518897248844,2.7332385602644793,2.7332385602644793,nan,nan,4.0,3.400367857103984,mse,1.0362018382483547,OGDConcOnly,2.1859642663687326,1020.0,2.1859642663687326,6.0
0.215429612359234,nan,9.0,8.114518897248844,2.7332385602644793,2.7332385602644793,nan,nan,4.0,3.0269590526368826,mse,1.014280551748946,OGDVanilla,2.1177998850180044,1020.0,2.1177998850180044,6.0
0.5821326442113992,0.3143056534777326,9.0,8.114518897248844,2.7332385602644793,2.7332385602644793,0.08823529411764706,0.19806862745098033,4.0,3.032804793898567,mse,0.9918989338811662,RLKappaBandit,2.0630771503988394,1020.0,2.0630771503988394,6.0
0.1592499642573658,nan,9.0,8.114518897248844,2.7332385602644793,2.7332385602644793,0.8725490196078431,3.0,4.0,4.403425811064295,mse,1.0451084031655757,RLRuleBandit,2.30588594703063,1020.0,2.30588594703063,6.0
0.5376960068973462,0.2808463310984892,9.0,8.114518897248844,2.7332385602644793,2.7332385602644793,nan,1.7022685428868098,4.0,8.962492524262435,mse,1.1350219578660046,RLSimplexBandit,2.7669020698047975,1020.0,2.7669020698047975,6.0
0.1938918148029601,0.5624915348798247,1.0,4.104512558066959,2.9080910428739366,2.9080910428739366,nan,nan,4.0,3.0135175398668257,mse,1.0389135509883294,MWUMBothKL,2.112132192646556,1020.0,2.112132192646556,7.0
0.30477218413958634,0.2668883185105329,1.0,4.104512558066959,2.9080910428739366,2.9080910428739366,nan,nan,4.0,2.6319811183740924,mse,0.98441646654229,MWUMConcOnlyKL,1.9353733532960176,1020.0,1.9353733532960176,7.0
0.2076469827203041,nan,1.0,4.104512558066959,2.9080910428739366,2.9080910428739366,nan,nan,4.0,4.0159385986740865,mse,1.228242872298678,MWUMVanilla,2.919241631568926,1020.0,2.919241631568926,7.0
0.055555555555555566,nan,1.0,4.104512558066959,2.9080910428739366,2.9080910428739366,nan,nan,4.0,4.4130941251000575,mse,1.2394125823130944,Mean,2.9055975280873714,1020.0,2.9055975280873714,7.0
nan,nan,1.0,4.104512558066959,2.9080910428739366,2.9080910428739366,nan,nan,4.0,4.335466989957784,mse,1.2210032104944541,Median,2.905578398798121,1020.0,2.905578398798121,7.0
0.1748971487305305,0.8409185781278202,1.0,4.104512558066959,2.9080910428739366,2.9080910428739366,nan,nan,4.0,2.5930426593953824,mse,1.0310226749277769,OGDBoth,2.0626027536647733,1020.0,2.0626027536647733,7.0
0.1325571963714527,7.585141855088053,1.0,4.104512558066959,2.9080910428739366,2.9080910428739366,nan,nan,4.0,2.710704508537077,mse,1.060941815113048,OGDConcOnly,2.1643995141904178,1020.0,2.1643995141904178,7.0
0.23799569223440506,nan,1.0,4.104512558066959,2.9080910428739366,2.9080910428739366,nan,nan,4.0,2.6105117894376657,mse,1.0293836883885812,OGDVanilla,2.0573979596372705,1020.0,2.0573979596372705,7.0
0.1839015761246725,2.7179786233846417,1.0,4.104512558066959,2.9080910428739366,2.9080910428739366,0.8049019607843138,3.47571568627451,4.0,2.927851589706583,mse,1.0628629810490386,RLKappaBandit,2.1884177399628673,1020.0,2.1884177399628673,7.0
0.17077788119004939,nan,1.0,4.104512558066959,2.9080910428739366,2.9080910428739366,0.5558823529411765,4.0,4.0,2.9680773923690587,mse,1.123518844076882,RLRuleBandit,2.4473161868690343,1020.0,2.4473161868690343,7.0
0.8185383898671944,0.2853727982589409,1.0,4.104512558066959,2.9080910428739366,2.9080910428739366,nan,2.396447592312014,4.0,5.843670786845234,mse,1.4079141191675417,RLSimplexBandit,3.3221600445138098,1020.0,3.3221600445138098,7.0
0.17983680886930728,0.6102707041595135,1.0,5.653051370462774,2.769704383841601,2.769704383841601,nan,nan,4.0,2.5485717824351752,mse,1.042166577174486,MWUMBothKL,2.1712209639146436,1020.0,2.1712209639146436,8.0
0.29425046395889703,0.28955835238332817,1.0,5.653051370462774,2.769704383841601,2.769704383841601,nan,nan,4.0,2.482239225203142,mse,1.0050116989905051,MWUMConcOnlyKL,2.074741115779321,1020.0,2.074741115779321,8.0
0.18515750579122714,nan,1.0,5.653051370462774,2.769704383841601,2.769704383841601,nan,nan,4.0,4.7879859733412555,mse,1.2018514258034037,MWUMVanilla,2.7862817486308202,1020.0,2.7862817486308202,8.0
0.055555555555555566,nan,1.0,5.653051370462774,2.769704383841601,2.769704383841601,nan,nan,4.0,4.259047966256452,mse,1.2251160068871865,Mean,2.8582392931470633,1020.0,2.8582392931470633,8.0
nan,nan,1.0,5.653051370462774,2.769704383841601,2.769704383841601,nan,nan,4.0,4.510923326557958,mse,1.203689059154618,Median,2.8341119232165743,1020.0,2.8341119232165743,8.0
0.1560407563995324,0.9123479039102754,1.0,5.653051370462774,2.769704383841601,2.769704383841601,nan,nan,4.0,2.4036505616926664,mse,1.0653145600476654,OGDBoth,2.243601080512598,1020.0,2.243601080512598,8.0
0.12323597642225181,8.229439154214752,1.0,5.653051370462774,2.769704383841601,2.769704383841601,nan,nan,4.0,2.5869171938267117,mse,1.0886127881465113,OGDConcOnly,2.3035081670968522,1020.0,2.3035081670968522,8.0
0.21682162067880043,nan,1.0,5.653051370462774,2.769704383841601,2.769704383841601,nan,nan,4.0,2.3986069248705513,mse,1.065634676476963,OGDVanilla,2.2375814318847724,1020.0,2.2375814318847724,8.0
0.2373734776315347,1.029777243538751,1.0,5.653051370462774,2.769704383841601,2.769704383841601,0.7901960784313725,0.9977745098039216,4.0,2.394103634793098,mse,1.0294155080092018,RLKappaBandit,2.1360259268175246,1020.0,2.1360259268175246,8.0
0.20619514892553722,nan,1.0,5.653051370462774,2.769704383841601,2.769704383841601,0.7931372549019607,1.0,4.0,2.4810578046252236,mse,1.0695236739591116,RLRuleBandit,2.275846290915472,1020.0,2.275846290915472,8.0
0.9027375493833938,0.3096129412483735,1.0,5.653051370462774,2.769704383841601,2.769704383841601,nan,2.623944456768368,4.0,8.115181941538472,mse,1.348154389714405,RLSimplexBandit,3.5433946082483296,1020.0,3.5433946082483296,8.0
0.14036500190513143,0.5990550009153591,9.0,3.173601138339047,2.0999999941594925,2.0999999941594925,nan,nan,4.0,1.314092735812081,mse,0.815907570532472,MWUMBothKL,1.5207350468737637,1020.0,1.5207350468737637,9.0
0.22384057805275004,0.28423677864553837,9.0,3.173601138339047,2.0999999941594925,2.0999999941594925,nan,nan,4.0,1.3227390210586927,mse,0.7886584812537201,MWUMConcOnlyKL,1.4387417594209964,1020.0,1.4387417594209964,9.0
0.14461483842786169,nan,9.0,3.173601138339047,2.0999999941594925,2.0999999941594925,nan,nan,4.0,2.8457938474318922,mse,0.9700973955366886,MWUMVanilla,2.0900104588237847,1020.0,2.0900104588237847,9.0
0.055555555555555566,nan,9.0,3.173601138339047,2.0999999941594925,2.0999999941594925,nan,nan,4.0,2.2223115871247234,mse,0.9759723828156052,Mean,2.046292584054465,1020.0,2.046292584054465,9.0
nan,nan,9.0,3.173601138339047,2.0999999941594925,2.0999999941594925,nan,nan,4.0,2.145079233347747,mse,0.9582217859930477,Median,2.029340333330518,1020.0,2.029340333330518,9.0
0.13452382898050413,0.895580552510413,9.0,3.173601138339047,2.0999999941594925,2.0999999941594925,nan,nan,4.0,1.3192869195693944,mse,0.8273681816553442,OGDBoth,1.5665325161986103,1020.0,1.5665325161986103,9.0
0.10264203243577046,8.078196522395132,9.0,3.173601138339047,2.0999999941594925,2.0999999941594925,nan,nan,4.0,1.3661436975705241,mse,0.8450883212881024,OGDConcOnly,1.5660513598742294,1020.0,1.5660513598742294,9.0
0.19262392961822622,nan,9.0,3.173601138339047,2.0999999941594925,2.0999999941594925,nan,nan,4.0,1.3464088258479783,mse,0.8277609684710285,OGDVanilla,1.5658885639407782,1020.0,1.5658885639407782,9.0
0.5667337970392967,0.14508099846718664,9.0,3.173601138339047,2.0999999941594925,2.0999999941594925,0.10882352941176471,0.12809803921568624,4.0,1.3913566396496748,mse,0.8157367179863945,RLKappaBandit,1.4892650608958442,1020.0,1.4892650608958442,9.0
0.09900011313293132,nan,9.0,3.173601138339047,2.0999999941594925,2.0999999941594925,0.765686274509804,4.0,4.0,1.5508651569025262,mse,0.8839697137555573,RLRuleBandit,1.703553471773555,1020.0,1.703553471773555,9.0
0.7672841837092439,0.30392279940488764,9.0,3.173601138339047,2.0999999941594925,2.0999999941594925,nan,2.2483402517871545,4.0,3.1347953792698213,mse,0.9703584538150677,RLSimplexBandit,2.1109154825717678,1020.0,2.1109154825717678,9.0
0.2921182707690491,0.6665697390940338,9.0,53.083600368790854,5.187955907456266,5.187955907456266,nan,nan,8.0,11.078576229347295,mse,1.3611353903624068,MWUMBothKL,3.7379190482611637,1020.0,3.7379190482611637,4.0
0.3532024637957651,0.39663894246465226,9.0,53.083600368790854,5.187955907456266,5.187955907456266,nan,nan,8.0,9.883195783019975,mse,1.340593670207023,MWUMConcOnlyKL,3.6789840020130917,1020.0,3.6789840020130917,4.0
0.9766952655434522,nan,9.0,53.083600368790854,5.187955907456266,5.187955907456266,nan,nan,8.0,35.17890956706483,mse,1.651457662400551,MWUMVanilla,5.267636273216569,1020.0,5.267636273216569,4.0
0.055555555555555566,nan,9.0,53.083600368790854,5.187955907456266,5.187955907456266,nan,nan,8.0,63.70051845397832,mse,1.882626452614361,Mean,6.395069658592602,1020.0,6.395069658592602,4.0
nan,nan,9.0,53.083600368790854,5.187955907456266,5.187955907456266,nan,nan,8.0,56.251078046986436,mse,1.770816920370937,Median,5.947166099432818,1020.0,5.947166099432818,4.0
0.1911323139919299,0.739303637737454,9.0,53.083600368790854,5.187955907456266,5.187955907456266,nan,nan,8.0,14.576994515705126,mse,1.4606564074794781,OGDBoth,4.169675437471599,1020.0,4.169675437471599,4.0
0.20688254549755955,7.971268289227336,9.0,53.083600368790854,5.187955907456266,5.187955907456266,nan,nan,8.0,27.430644742547706,mse,1.624272817599668,OGDConcOnly,4.8985905226474316,1020.0,4.8985905226474316,4.0
0.22596432113729537,nan,9.0,53.083600368790854,5.187955907456266,5.187955907456266,nan,nan,8.0,14.56818172470919,mse,1.4643070792904944,OGDVanilla,4.178439965939902,1020.0,4.178439965939902,4.0
0.20343228892296872,2.394653804008278,9.0,53.083600368790854,5.187955907456266,5.187955907456266,0.9362745098039216,2.2102450980392154,8.0,11.921721657726708,mse,1.4331630085131113,RLKappaBandit,4.030141336381155,1020.0,4.030141336381155,4.0
0.14634070932771762,nan,9.0,53.083600368790854,5.187955907456266,5.187955907456266,0.6352941176470588,0.0,8.0,59.657038617648126,mse,1.8115549855692212,RLRuleBandit,6.058426703600342,1020.0,6.058426703600342,4.0
0.9245716079623032,0.2994103592003371,9.0,53.083600368790854,5.187955907456266,5.187955907456266,nan,2.6864726567710306,8.0,161.1064285786693,mse,2.400304988058791,RLSimplexBandit,9.592601531816523,1020.0,9.592601531816523,4.0
0.27335585267209905,0.6653770903695043,1.0,15.929899863115766,4.525575569681207,4.525575569681207,nan,nan,8.0,8.020544744718894,mse,1.2620243026475084,MWUMBothKL,3.15839235786332,1020.0,3.15839235786332,5.0
0.34011675308180206,0.3959292628901307,1.0,15.929899863115766,4.525575569681207,4.525575569681207,nan,nan,8.0,8.585223485532262,mse,1.250009187923979,MWUMConcOnlyKL,3.1600045263748995,1020.0,3.1600045263748995,5.0
0.9819017846730429,nan,1.0,15.929899863115766,4.525575569681207,4.525575569681207,nan,nan,8.0,12.66994632977088,mse,1.5586772586522595,MWUMVanilla,4.576590427059652,1020.0,4.576590427059652,5.0
0.055555555555555566,nan,1.0,15.929899863115766,4.525575569681207,4.525575569681207,nan,nan,8.0,18.269856441468935,mse,1.7248266165367752,Mean,5.253546783988662,1020.0,5.253546783988662,5.0
nan,nan,1.0,15.929899863115766,4.525575569681207,4.525575569681207,nan,nan,8.0,18.466134359053637,mse,1.6592649945332827,Median,5.036344094711835,1020.0,5.036344094711835,5.0
0.178903645942557,0.7379808511048264,1.0,15.929899863115766,4.525575569681207,4.525575569681207,nan,nan,8.0,9.456246790074315,mse,1.3643180434983988,OGDBoth,3.486703946573396,1020.0,3.486703946573396,5.0
0.1848212101661087,7.95700583115213,1.0,15.929899863115766,4.525575569681207,4.525575569681207,nan,nan,8.0,9.993278953877875,mse,1.4436932864208816,OGDConcOnly,3.8245804506236576,1020.0,3.8245804506236576,5.0
0.20931262728561612,nan,1.0,15.929899863115766,4.525575569681207,4.525575569681207,nan,nan,8.0,9.468882148364427,mse,1.3699090645998917,OGDVanilla,3.5063142669430354,1020.0,3.5063142669430354,5.0
0.4294665290553552,0.7303585138684865,1.0,15.929899863115766,4.525575569681207,4.525575569681207,0.5598039215686275,0.6527843137254901,8.0,8.94161238591525,mse,1.2793593315844605,RLKappaBandit,3.310897184098993,1020.0,3.310897184098993,5.0
0.32804960606139144,nan,1.0,15.929899863115766,4.525575569681207,4.525575569681207,0.40098039215686276,4.0,8.0,14.73541964977216,mse,1.4270067000181563,RLRuleBandit,3.973664899596434,1020.0,3.973664899596434,5.0
0.6882932818456842,0.2988746442374939,1.0,15.929899863115766,4.525575569681207,4.525575569681207,nan,2.1363439093935233,8.0,15.438202180347917,mse,1.5647588768624874,RLSimplexBandit,4.715714225381758,1020.0,4.715714225381758,5.0
0.2162843776543559,0.6252411110484578,9.0,5.58419377110435,3.5716313004831837,3.5716313004831837,nan,nan,8.0,4.375322007819337,mse,1.0792765028594506,MWUMBothKL,2.363038028571954,1020.0,2.363038028571954,6.0
0.2783249921205534,0.3720465519613087,9.0,5.58419377110435,3.5716313004831837,3.5716313004831837,nan,nan,8.0,3.8698383753675256,mse,1.0459732764044827,MWUMConcOnlyKL,2.276237158202229,1020.0,2.276237158202229,6.0
0.9832236822797465,nan,9.0,5.58419377110435,3.5716313004831837,3.5716313004831837,nan,nan,8.0,23.30209190377174,mse,1.3343280351861402,MWUMVanilla,3.7039697320745764,1020.0,3.7039697320745764,6.0
0.055555555555555566,nan,9.0,5.58419377110435,3.5716313004831837,3.5716313004831837,nan,nan,8.0,25.113318325197508,mse,1.429661676179852,Mean,3.9993221732894066,1020.0,3.9993221732894066,6.0
nan,nan,9.0,5.58419377110435,3.5716313004831837,3.5716313004831837,nan,nan,8.0,15.035298242070123,mse,1.3593851068447695,Median,3.735541363393251,1020.0,3.735541363393251,6.0
0.15580187049302058,0.6934653656635964,9.0,5.58419377110435,3.5716313004831837,3.5716313004831837,nan,nan,8.0,5.937599776292256,mse,1.1564777091856588,OGDBoth,2.6897704042353943,1020.0,2.6897704042353943,6.0
0.15380406590936488,7.477034058575445,9.0,5.58419377110435,3.5716313004831837,3.5716313004831837,nan,nan,8.0,4.993628415261761,mse,1.1876815068963218,OGDConcOnly,2.818860486903903,1020.0,2.818860486903903,6.0
0.18185063517510516,nan,9.0,5.58419377110435,3.5716313004831837,3.5716313004831837,nan,nan,8.0,6.175816022721079,mse,1.1614027702907535,OGDVanilla,2.70895312294356,1020.0,2.70895312294356,6.0
0.21063184766761595,1.0390572727181382,9.0,5.58419377110435,3.5716313004831837,3.5716313004831837,0.9303921568627451,1.1546176470588236,8.0,4.087802763482473,mse,1.0799161806215898,RLKappaBandit,2.3769738483849245,1020.0,2.3769738483849245,6.0
0.23217139616619448,nan,9.0,5.58419377110435,3.5716313004831837,3.5716313004831837,0.5990196078431372,5.0,8.0,414.8010586066007,mse,1.148788034712129,RLRuleBandit,2.7985788563782945,1020.0,2.7985788563782945,6.0
0.9448822112257941,0.2808463310984892,9.0,5.58419377110435,3.5716313004831837,3.5716313004831837,nan,2.7820779076573747,8.0,91.83010699358206,mse,1.7565790140809592,RLSimplexBandit,5.686412249045064,1020.0,5.686412249045064,6.0
0.2391251742164882,0.6353182708441919,1.0,5.44862708436599,3.7922348834436503,3.7922348834436503,nan,nan,8.0,3.7353786165276825,mse,1.11399924621607,MWUMBothKL,2.490040964213034,1020.0,2.490040964213034,7.0
0.31156257682798294,0.37804291478728974,1.0,5.44862708436599,3.7922348834436503,3.7922348834436503,nan,nan,8.0,3.904188754777207,mse,1.1014617011125032,MWUMConcOnlyKL,2.4198932115957774,1020.0,2.4198932115957774,7.0
0.973366522437212,nan,1.0,5.44862708436599,3.7922348834436503,3.7922348834436503,nan,nan,8.0,5.190270896654906,mse,1.4249343695416874,MWUMVanilla,3.8142568486850976,1020.0,3.8142568486850976,7.0
0.055555555555555566,nan,1.0,5.44862708436599,3.7922348834436503,3.7922348834436503,nan,nan,8.0,8.372679630997853,mse,1.5153965552334825,Mean,4.298962189296678,1020.0,4.298962189296678,7.0
nan,nan,1.0,5.44862708436599,3.7922348834436503,3.7922348834436503,nan,nan,8.0,7.767086811224645,mse,1.468221539860222,Median,4.154057985573341,1020.0,4.154057985573341,7.0
0.1738646295171657,0.7046421120085079,1.0,5.44862708436599,3.7922348834436503,3.7922348834436503,nan,nan,8.0,4.421713145118049,mse,1.2074004898252484,OGDBoth,2.8548854267317627,1020.0,2.8548854267317627,7.0
0.17638467927634763,7.597543196050525,1.0,5.44862708436599,3.7922348834436503,3.7922348834436503,nan,nan,8.0,4.804773546535728,mse,1.3064906841481396,OGDConcOnly,3.0901962669883205,1020.0,3.0901962669883205,7.0
0.21226965610720375,nan,1.0,5.44862708436599,3.7922348834436503,3.7922348834436503,nan,nan,8.0,4.431403064583692,mse,1.2087801243369711,OGDVanilla,2.857307237493143,1020.0,2.857307237493143,7.0
0.4209059691832551,1.1278394550795285,1.0,5.44862708436599,3.7922348834436503,3.7922348834436503,0.37745098039215685,0.8110294117647059,8.0,4.376956440919383,mse,1.1612155148686591,RLKappaBandit,2.6337824301378414,1020.0,2.6337824301378414,7.0
0.34216032106729155,nan,1.0,5.44862708436599,3.7922348834436503,3.7922348834436503,0.3843137254901961,5.0,8.0,6.2458492099529535,mse,1.3208532670467923,RLRuleBandit,3.454355936022846,1020.0,3.454355936022846,7.0
0.9403703993213813,0.2853727982589409,1.0,5.44862708436599,3.7922348834436503,3.7922348834436503,nan,2.7218691394209187,8.0,18.388624231116243,mse,1.801930889563186,RLSimplexBandit,5.625490302172579,1020.0,5.625490302172579,7.0
0.20873497880313946,0.6892834904552374,9.0,6.470861940617922,3.3697737426238366,3.3697737426238366,nan,nan,8.0,2.6397115578966126,mse,1.1184793422065473,MWUMBothKL,2.599505405729698,1020.0,2.599505405729698,8.0
0.2900116360324009,0.41015464500998167,9.0,6.470861940617922,3.3697737426238366,3.3697737426238366,nan,nan,8.0,2.70371821803953,mse,1.0929644865705002,MWUMConcOnlyKL,2.547707253261348,1020.0,2.547707253261348,8.0
0.9723391591793156,nan,9.0,6.470861940617922,3.3697737426238366,3.3697737426238366,nan,nan,8.0,7.52935476059004,mse,1.3456304674966197,MWUMVanilla,3.401089983389221,1020.0,3.401089983389221,8.0
0.055555555555555566,nan,9.0,6.470861940617922,3.3697737426238366,3.3697737426238366,nan,nan,8.0,14.161945525063729,mse,1.432855690414156,Mean,3.8849654840021137,1020.0,3.8849654840021137,8.0
nan,nan,9.0,6.470861940617922,3.3697737426238366,3.3697737426238366,nan,nan,8.0,13.3382601094767,mse,1.3780274916695834,Median,3.732427917171647,1020.0,3.732427917171647,8.0
0.14197399204007294,0.7644958389778298,9.0,6.470861940617922,3.3697737426238366,3.3697737426238366,nan,nan,8.0,3.2731846117060903,mse,1.182679001915665,OGDBoth,2.822963923991877,1020.0,2.822963923991877,8.0
0.1497703724238086,8.242893890175017,9.0,6.470861940617922,3.3697737426238366,3.3697737426238366,nan,nan,8.0,6.794756463077085,mse,1.2594599491519465,OGDConcOnly,3.0927218385127744,1020.0,3.0927218385127744,8.0
0.1697078739927967,nan,9.0,6.470861940617922,3.3697737426238366,3.3697737426238366,nan,nan,8.0,3.3134843727832317,mse,1.185164844185522,OGDVanilla,2.8332332730291294,1020.0,2.8332332730291294,8.0
0.5691530055669919,0.2452654225324177,9.0,6.470861940617922,3.3697737426238366,3.3697737426238366,0.2696078431372549,0.32504901960784316,8.0,3.086830556061667,mse,1.1313403664368746,RLKappaBandit,2.6828152294201493,1020.0,2.6828152294201493,8.0
0.21672223126558407,nan,9.0,6.470861940617922,3.3697737426238366,3.3697737426238366,0.8186274509803921,1.0,8.0,3.4702443536389107,mse,1.2229436582128317,RLRuleBandit,2.9463466864627534,1020.0,2.9463466864627534,8.0
0.964400811180013,0.3096129412483735,9.0,6.470861940617922,3.3697737426238366,3.3697737426238366,nan,2.7840833291519957,8.0,29.871413737083085,mse,1.681276737712029,RLSimplexBandit,5.403374102840826,1020.0,5.403374102840826,8.0
0.16668963585062824,0.6766156710312523,9.0,5.243091446107427,2.5455864481784096,2.5455864481784096,nan,nan,8.0,1.6426750350941266,mse,0.9042039239326056,MWUMBothKL,1.7393947326134749,1020.0,1.7393947326134749,9.0
0.22828859618371744,0.4026167233118084,9.0,5.243091446107427,2.5455864481784096,2.5455864481784096,nan,nan,8.0,2.0070261867081416,mse,0.8832439829994196,MWUMConcOnlyKL,1.666853423895061,1020.0,1.666853423895061,9.0
0.9730723129736549,nan,9.0,5.243091446107427,2.5455864481784096,2.5455864481784096,nan,nan,8.0,5.700579017719009,mse,1.0704467289974167,MWUMVanilla,2.571115683020588,1020.0,2.571115683020588,9.0
0.055555555555555566,nan,9.0,5.243091446107427,2.5455864481784096,2.5455864481784096,nan,nan,8.0,4.032250477956927,mse,1.1673500795623206,Mean,2.7571947115868243,1020.0,2.7571947115868243,9.0
nan,nan,9.0,5.243091446107427,2.5455864481784096,2.5455864481784096,nan,nan,8.0,3.6859692646347013,mse,1.1086573281808245,Median,2.616784752919612,1020.0,2.616784752919612,9.0
0.13904938905618708,0.7504457487425872,9.0,5.243091446107427,2.5455864481784096,2.5455864481784096,nan,nan,8.0,1.8774024616213307,mse,0.9611993896087295,OGDBoth,1.9359795687322752,1020.0,1.9359795687322752,9.0
0.12671517777754737,8.091403983949577,9.0,5.243091446107427,2.5455864481784096,2.5455864481784096,nan,nan,8.0,2.5378565153544708,mse,1.0142866861544917,OGDConcOnly,2.047615722346417,1020.0,2.047615722346417,9.0
0.1820836208883679,nan,9.0,5.243091446107427,2.5455864481784096,2.5455864481784096,nan,nan,8.0,1.8868999600948226,mse,0.9605272001132066,OGDVanilla,1.9399715269284805,1020.0,1.9399715269284805,9.0
0.43580794849233884,0.16471353679678458,9.0,5.243091446107427,2.5455864481784096,2.5455864481784096,0.34509803921568627,0.13861764705882348,8.0,2.409230324939106,mse,0.8992666481117402,RLKappaBandit,1.7296847583128505,1020.0,1.7296847583128505,9.0
0.05671104470695755,nan,9.0,5.243091446107427,2.5455864481784096,2.5455864481784096,0.9872549019607844,0.0,8.0,4.122491500210333,mse,1.169523570782313,RLRuleBandit,2.7848432482159873,1020.0,2.7848432482159873,9.0
0.5546061029541852,0.30392279940488764,9.0,5.243091446107427,2.5455864481784096,2.5455864481784096,nan,1.774948252802694,8.0,5.108628690574884,mse,1.079014072013597,RLSimplexBandit,2.576491133815045,1020.0,2.576491133815045,9.0
