action_idx,action_name,hhi_t,horizon,horizon_name,kappa,lambda_t,loss_section,method,series_id,t
0.0,Mean,0.08333333333333334,0.0,CPI1,nan,nan,mse,RLRuleBandit,CPI1,0.0
1.0,OGDVanilla,0.08333333333333334,0.0,CPI1,nan,nan,mse,RLRuleBandit,CPI1,1.0
2.0,MWUMVanilla,0.08333333333333334,0.0,CPI1,nan,nan,mse,RLRuleBandit,CPI1,2.0
3.0,OGDBoth,0.08333333333333334,0.0,CPI1,nan,nan,mse,RLRuleBandit,CPI1,3.0
4.0,OGDConcOnly,0.08333333333333334,0.0,CPI1,nan,nan,mse,RLRuleBandit,CPI1,4.0
5.0,MWUMBothKL,0.08333333333333334,0.0,CPI1,nan,nan,mse,RLRuleBandit,CPI1,5.0
6.0,MWUMConcOnlyKL,0.08333333333333334,0.0,CPI1,nan,nan,mse,RLRuleBandit,CPI1,6.0
4.0,OGDConcOnly,0.08351945073213847,0.0,CPI1,nan,nan,mse,RLRuleBandit,CPI1,7.0
5.0,MWUMBothKL,0.08333333333333334,0.0,CPI1,nan,nan,mse,RLRuleBandit,CPI1,8.0
3.0,OGDBoth,0.08333333333333692,0.0,CPI1,nan,nan,mse,RLRuleBandit,CPI1,9.0
4.0,OGDConcOnly,0.08333456535212427,0.0,CPI1,nan,nan,mse,RLRuleBandit,CPI1,10.0
2.0,MWUMVanilla,0.08333333333350339,0.0,CPI1,nan,nan,mse,RLRuleBandit,CPI1,11.0
6.0,MWUMConcOnlyKL,0.08333333493715901,0.0,CPI1,nan,nan,mse,RLRuleBandit,CPI1,12.0
1.0,OGDVanilla,0.08333333333333334,0.0,CPI1,nan,nan,mse,RLRuleBandit,CPI1,13.0
0.0,Mean,0.08333333333333334,0.0,CPI1,nan,nan,mse,RLRuleBandit,CPI1,14.0
0.0,Mean,0.08333333333333334,0.0,CPI1,nan,nan,mse,RLRuleBandit,CPI1,15.0
4.0,OGDConcOnly,0.08333396746244022,0.0,CPI1,nan,nan,mse,RLRuleBandit,CPI1,16.0
3.0,OGDBoth,0.08333335475568304,0.0,CPI1,nan,nan,mse,RLRuleBandit,CPI1,17.0
1.0,OGDVanilla,0.08333333358705004,0.0,CPI1,nan,nan,mse,RLRuleBandit,CPI1,18.0
6.0,MWUMConcOnlyKL,0.08333333333333334,0.0,CPI1,nan,nan,mse,RLRuleBandit,CPI1,19.0
0.0,Mean,0.08333333333333334,0.0,CPI1,nan,nan,mse,RLRuleBandit,CPI1,20.0
5.0,MWUMBothKL,0.08333333941656144,0.0,CPI1,nan,nan,mse,RLRuleBandit,CPI1,21.0
3.0,OGDBoth,0.08333335256926674,0.0,CPI1,nan,nan,mse,RLRuleBandit,CPI1,22.0
1.0,OGDVanilla,0.08333333361649711,0.0,CPI1,nan,nan,mse,RLRuleBandit,CPI1,23.0
5.0,MWUMBothKL,0.08333333694066024,0.0,CPI1,nan,nan,mse,RLRuleBandit,CPI1,24.0
2.0,MWUMVanilla,0.08333367381285774,0.0,CPI1,nan,nan,mse,RLRuleBandit,CPI1,25.0
6.0,MWUMConcOnlyKL,0.0833349462507646,0.0,CPI1,nan,nan,mse,RLRuleBandit,CPI1,26.0
2.0,MWUMVanilla,0.08333367652973303,0.0,CPI1,nan,nan,mse,RLRuleBandit,CPI1,27.0
3.0,OGDBoth,0.08333335044452082,0.0,CPI1,nan,nan,mse,RLRuleBandit,CPI1,28.0
0.0,Mean,0.08333333333333334,0.0,CPI1,nan,nan,mse,RLRuleBandit,CPI1,29.0
5.0,MWUMBothKL,0.08333333598764048,0.0,CPI1,nan,nan,mse,RLRuleBandit,CPI1,30.0
1.0,OGDVanilla,0.08333333361649714,0.0,CPI1,nan,nan,mse,RLRuleBandit,CPI1,31.0
3.0,OGDBoth,0.08333359749102867,0.0,CPI1,nan,nan,mse,RLRuleBandit,CPI1,32.0
4.0,OGDConcOnly,0.08333352812784031,0.0,CPI1,nan,nan,mse,RLRuleBandit,CPI1,33.0
0.0,kappa_idx,0.08333333333333334,0.0,CPI1,0.01,0.006932471805599453,mse,RLKappaBandit,CPI1,0.0
1.0,kappa_idx,0.08333576383243073,0.0,CPI1,0.03,0.020795415416798357,mse,RLKappaBandit,CPI1,1.0
2.0,kappa_idx,0.08333333333333334,0.0,CPI1,0.1,0.06931571805599453,mse,RLKappaBandit,CPI1,2.0
3.0,kappa_idx,0.0833333337265742,0.0,CPI1,0.3,0.2079451541679836,mse,RLKappaBandit,CPI1,3.0
4.0,kappa_idx,0.08333333333342431,0.0,CPI1,1.0,0.6931481805599453,mse,RLKappaBandit,CPI1,4.0
5.0,kappa_idx,0.08333612143517716,0.0,CPI1,3.0,2.079442541679836,mse,RLKappaBandit,CPI1,5.0
6.0,kappa_idx,0.08333333333333334,0.0,CPI1,8.0,5.545178444479562,mse,RLKappaBandit,CPI1,6.0
4.0,kappa_idx,0.08333333334936562,0.0,CPI1,1.0,0.6931481805599453,mse,RLKappaBandit,CPI1,7.0
5.0,kappa_idx,0.08333334002327417,0.0,CPI1,3.0,2.079442541679836,mse,RLKappaBandit,CPI1,8.0
3.0,kappa_idx,0.08333335458299028,0.0,CPI1,0.3,0.2079451541679836,mse,RLKappaBandit,CPI1,9.0
4.0,kappa_idx,0.0833337903402497,0.0,CPI1,1.0,0.6931481805599453,mse,RLKappaBandit,CPI1,10.0
2.0,kappa_idx,0.08333333337375205,0.0,CPI1,0.1,0.06931571805599453,mse,RLKappaBandit,CPI1,11.0
6.0,kappa_idx,0.08392549782473269,0.0,CPI1,8.0,5.545178444479562,mse,RLKappaBandit,CPI1,12.0
1.0,kappa_idx,0.08333333333333334,0.0,CPI1,0.03,0.02026565090478656,mse,RLKappaBandit,CPI1,13.0
0.0,kappa_idx,0.083333928339345,0.0,CPI1,0.01,0.006581556432855071,mse,RLKappaBandit,CPI1,14.0
0.0,kappa_idx,0.08333904903246138,0.0,CPI1,0.01,0.006758698176996012,mse,RLKappaBandit,CPI1,15.0
4.0,kappa_idx,0.0849996702099441,0.0,CPI1,1.0,0.6846265922310907,mse,RLKappaBandit,CPI1,16.0
3.0,kappa_idx,0.08333333773980783,0.0,CPI1,0.3,0.2050804111104001,mse,RLKappaBandit,CPI1,17.0
1.0,kappa_idx,0.08333333333333334,0.0,CPI1,0.03,0.021864758689264872,mse,RLKappaBandit,CPI1,18.0
6.0,kappa_idx,0.08333334253145214,0.0,CPI1,8.0,5.911083763092358,mse,RLKappaBandit,CPI1,19.0
0.0,kappa_idx,0.08333334817681705,0.0,CPI1,0.01,0.0073913711188391745,mse,RLKappaBandit,CPI1,20.0
5.0,kappa_idx,0.08376206284797064,0.0,CPI1,3.0,2.2493567736602422,mse,RLKappaBandit,CPI1,21.0
3.0,kappa_idx,0.0833333334643424,0.0,CPI1,0.3,0.22584023389173472,mse,RLKappaBandit,CPI1,22.0
1.0,kappa_idx,0.08333333502546719,0.0,CPI1,0.03,0.0209545549409474,mse,RLKappaBandit,CPI1,23.0
5.0,kappa_idx,0.08333333333333334,0.0,CPI1,3.0,1.9884280432940835,mse,RLKappaBandit,CPI1,24.0
2.0,kappa_idx,0.08333333347457224,0.0,CPI1,0.1,0.06746682081566766,mse,RLKappaBandit,CPI1,25.0
6.0,kappa_idx,0.08333446474779245,0.0,CPI1,8.0,5.245964141005489,mse,RLKappaBandit,CPI1,26.0
2.0,kappa_idx,0.08333333333333334,0.0,CPI1,0.1,0.0674476346336283,mse,RLKappaBandit,CPI1,27.0
3.0,kappa_idx,0.08334092836249898,0.0,CPI1,0.3,0.21980570223012946,mse,RLKappaBandit,CPI1,28.0
0.0,kappa_idx,0.08334532136157283,0.0,CPI1,0.01,0.007308460994176278,mse,RLKappaBandit,CPI1,29.0
5.0,kappa_idx,0.08333333333333334,0.0,CPI1,3.0,2.1793929713745768,mse,RLKappaBandit,CPI1,30.0
1.0,kappa_idx,0.08333333333333334,0.0,CPI1,0.03,0.021288507155261503,mse,RLKappaBandit,CPI1,31.0
3.0,kappa_idx,0.08333333333333334,0.0,CPI1,0.3,0.20639303167895992,mse,RLKappaBandit,CPI1,32.0
4.0,kappa_idx,0.08333333333333334,0.0,CPI1,1.0,0.6741271948186685,mse,RLKappaBandit,CPI1,33.0
0.0,Mean,0.08333333333333334,0.0,CPI1,nan,nan,linex,RLRuleBandit,CPI1,0.0
1.0,OGDVanilla,0.08333333333333334,0.0,CPI1,nan,nan,linex,RLRuleBandit,CPI1,1.0
2.0,MWUMVanilla,0.08333333333333334,0.0,CPI1,nan,nan,linex,RLRuleBandit,CPI1,2.0
3.0,OGDBoth,0.08333333333333334,0.0,CPI1,nan,nan,linex,RLRuleBandit,CPI1,3.0
4.0,OGDConcOnly,0.08333333333333334,0.0,CPI1,nan,nan,linex,RLRuleBandit,CPI1,4.0
5.0,MWUMBothKL,0.08333333333333334,0.0,CPI1,nan,nan,linex,RLRuleBandit,CPI1,5.0
6.0,MWUMConcOnlyKL,0.08333333333333334,0.0,CPI1,nan,nan,linex,RLRuleBandit,CPI1,6.0
4.0,OGDConcOnly,0.08333333362693919,0.0,CPI1,nan,nan,linex,RLRuleBandit,CPI1,7.0
5.0,MWUMBothKL,0.08333333333333334,0.0,CPI1,nan,nan,linex,RLRuleBandit,CPI1,8.0
3.0,OGDBoth,0.0833333333333333,0.0,CPI1,nan,nan,linex,RLRuleBandit,CPI1,9.0
4.0,OGDConcOnly,0.08333333333531685,0.0,CPI1,nan,nan,linex,RLRuleBandit,CPI1,10.0
2.0,MWUMVanilla,0.08333333333333331,0.0,CPI1,nan,nan,linex,RLRuleBandit,CPI1,11.0
6.0,MWUMConcOnlyKL,0.08333333333333579,0.0,CPI1,nan,nan,linex,RLRuleBandit,CPI1,12.0
1.0,OGDVanilla,0.08333333333333334,0.0,CPI1,nan,nan,linex,RLRuleBandit,CPI1,13.0
0.0,Mean,0.08333333333333334,0.0,CPI1,nan,nan,linex,RLRuleBandit,CPI1,14.0
0.0,Mean,0.08333333333333334,0.0,CPI1,nan,nan,linex,RLRuleBandit,CPI1,15.0
3.0,OGDBoth,0.08333333333336686,0.0,CPI1,nan,nan,linex,RLRuleBandit,CPI1,16.0
4.0,OGDConcOnly,0.08333333333432964,0.0,CPI1,nan,nan,linex,RLRuleBandit,CPI1,17.0
1.0,OGDVanilla,0.08333333333333373,0.0,CPI1,nan,nan,linex,RLRuleBandit,CPI1,18.0
6.0,MWUMConcOnlyKL,0.08333333333333334,0.0,CPI1,nan,nan,linex,RLRuleBandit,CPI1,19.0
0.0,Mean,0.08333333333333334,0.0,CPI1,nan,nan,linex,RLRuleBandit,CPI1,20.0
5.0,MWUMBothKL,0.08333333333334292,0.0,CPI1,nan,nan,linex,RLRuleBandit,CPI1,21.0
2.0,MWUMVanilla,0.08333333333386117,0.0,CPI1,nan,nan,linex,RLRuleBandit,CPI1,22.0
1.0,OGDVanilla,0.08333333333333377,0.0,CPI1,nan,nan,linex,RLRuleBandit,CPI1,23.0
4.0,OGDConcOnly,0.08333333333333336,0.0,CPI1,nan,nan,linex,RLRuleBandit,CPI1,24.0
6.0,MWUMConcOnlyKL,0.08333333333589245,0.0,CPI1,nan,nan,linex,RLRuleBandit,CPI1,25.0
2.0,MWUMVanilla,0.08333333333386163,0.0,CPI1,nan,nan,linex,RLRuleBandit,CPI1,26.0
4.0,OGDConcOnly,0.08333333333340734,0.0,CPI1,nan,nan,linex,RLRuleBandit,CPI1,27.0
3.0,OGDBoth,0.08333333333336565,0.0,CPI1,nan,nan,linex,RLRuleBandit,CPI1,28.0
0.0,Mean,0.08333333333333334,0.0,CPI1,nan,nan,linex,RLRuleBandit,CPI1,29.0
5.0,MWUMBothKL,0.08333333333333902,0.0,CPI1,nan,nan,linex,RLRuleBandit,CPI1,30.0
1.0,OGDVanilla,0.08333333333333377,0.0,CPI1,nan,nan,linex,RLRuleBandit,CPI1,31.0
3.0,OGDBoth,0.08333333333375846,0.0,CPI1,nan,nan,linex,RLRuleBandit,CPI1,32.0
4.0,OGDConcOnly,0.08333333333662858,0.0,CPI1,nan,nan,linex,RLRuleBandit,CPI1,33.0
0.0,kappa_idx,0.08333333333333334,0.0,CPI1,0.01,0.006932471805599453,linex,RLKappaBandit,CPI1,0.0
1.0,kappa_idx,0.08333333333707166,0.0,CPI1,0.03,0.020795415416798357,linex,RLKappaBandit,CPI1,1.0
2.0,kappa_idx,0.08333333333333334,0.0,CPI1,0.1,0.06931571805599453,linex,RLKappaBandit,CPI1,2.0
3.0,kappa_idx,0.08333333333333394,0.0,CPI1,0.3,0.2079451541679836,linex,RLKappaBandit,CPI1,3.0
4.0,kappa_idx,0.08333333333333337,0.0,CPI1,1.0,0.6931481805599453,linex,RLKappaBandit,CPI1,4.0
5.0,kappa_idx,0.08333333333765282,0.0,CPI1,3.0,2.079442541679836,linex,RLKappaBandit,CPI1,5.0
6.0,kappa_idx,0.08333333333333334,0.0,CPI1,8.0,5.545178444479562,linex,RLKappaBandit,CPI1,6.0
4.0,kappa_idx,0.0833333333333334,0.0,CPI1,1.0,0.6931481805599453,linex,RLKappaBandit,CPI1,7.0
5.0,kappa_idx,0.08333333333334382,0.0,CPI1,3.0,2.079442541679836,linex,RLKappaBandit,CPI1,8.0
3.0,kappa_idx,0.08333333333336684,0.0,CPI1,0.3,0.2079451541679836,linex,RLKappaBandit,CPI1,9.0
4.0,kappa_idx,0.08333333333404341,0.0,CPI1,1.0,0.6931481805599453,linex,RLKappaBandit,CPI1,10.0
2.0,kappa_idx,0.08333333333333333,0.0,CPI1,0.1,0.06931571805599453,linex,RLKappaBandit,CPI1,11.0
6.0,kappa_idx,0.0833333345552894,0.0,CPI1,8.0,5.545178444479562,linex,RLKappaBandit,CPI1,12.0
1.0,kappa_idx,0.08333333333333334,0.0,CPI1,0.03,0.02026565090478656,linex,RLKappaBandit,CPI1,13.0
0.0,kappa_idx,0.08333333333425821,0.0,CPI1,0.01,0.006581556432855071,linex,RLKappaBandit,CPI1,14.0
0.0,kappa_idx,0.0833333333420508,0.0,CPI1,0.01,0.006758698176996012,linex,RLKappaBandit,CPI1,15.0
3.0,kappa_idx,0.0833333378309361,0.0,CPI1,0.3,0.2053886776693272,linex,RLKappaBandit,CPI1,16.0
4.0,kappa_idx,0.0833333333334098,0.0,CPI1,1.0,0.6835990370346671,linex,RLKappaBandit,CPI1,17.0
1.0,kappa_idx,0.08333333333333334,0.0,CPI1,0.03,0.021864758689264872,linex,RLKappaBandit,CPI1,18.0
6.0,kappa_idx,0.08333333333334772,0.0,CPI1,8.0,5.911083763092358,linex,RLKappaBandit,CPI1,19.0
0.0,kappa_idx,0.08333333333335682,0.0,CPI1,0.01,0.0073913711188391745,linex,RLKappaBandit,CPI1,20.0
5.0,kappa_idx,0.0833333339273123,0.0,CPI1,3.0,2.2493567736602422,linex,RLKappaBandit,CPI1,21.0
2.0,kappa_idx,0.08333333333333358,0.0,CPI1,0.1,0.07528074463057824,linex,RLKappaBandit,CPI1,22.0
1.0,kappa_idx,0.0833333333333571,0.0,CPI1,0.03,0.0209545549409474,linex,RLKappaBandit,CPI1,23.0
4.0,kappa_idx,0.08333333333333334,0.0,CPI1,1.0,0.6628100144313612,linex,RLKappaBandit,CPI1,24.0
6.0,kappa_idx,0.08333333333333533,0.0,CPI1,8.0,5.3972666652534125,linex,RLKappaBandit,CPI1,25.0
2.0,kappa_idx,0.08333333333333362,0.0,CPI1,0.1,0.06557553926256861,linex,RLKappaBandit,CPI1,26.0
4.0,kappa_idx,0.08333333333333334,0.0,CPI1,1.0,0.6744673463362829,linex,RLKappaBandit,CPI1,27.0
3.0,kappa_idx,0.08333333333345529,0.0,CPI1,0.3,0.21980570223012946,linex,RLKappaBandit,CPI1,28.0
0.0,kappa_idx,0.08333333335150105,0.0,CPI1,0.01,0.007308460994176278,linex,RLKappaBandit,CPI1,29.0
5.0,kappa_idx,0.08333333333333334,0.0,CPI1,3.0,2.1793929713745768,linex,RLKappaBandit,CPI1,30.0
1.0,kappa_idx,0.08333333333333334,0.0,CPI1,0.03,0.021288507155261503,linex,RLKappaBandit,CPI1,31.0
3.0,kappa_idx,0.08333333333333334,0.0,CPI1,0.3,0.20639303167895992,linex,RLKappaBandit,CPI1,32.0
4.0,kappa_idx,0.08333333333333334,0.0,CPI1,1.0,0.6741271948186685,linex,RLKappaBandit,CPI1,33.0
0.0,Mean,0.08333333333333334,0.0,CPI2,nan,nan,mse,RLRuleBandit,CPI2,0.0
1.0,OGDVanilla,0.08333333333333334,0.0,CPI2,nan,nan,mse,RLRuleBandit,CPI2,1.0
2.0,MWUMVanilla,0.08333333333333334,0.0,CPI2,nan,nan,mse,RLRuleBandit,CPI2,2.0
3.0,OGDBoth,0.08333333333333334,0.0,CPI2,nan,nan,mse,RLRuleBandit,CPI2,3.0
4.0,OGDConcOnly,0.08333333333333334,0.0,CPI2,nan,nan,mse,RLRuleBandit,CPI2,4.0
5.0,MWUMBothKL,0.08333333333333334,0.0,CPI2,nan,nan,mse,RLRuleBandit,CPI2,5.0
6.0,MWUMConcOnlyKL,0.08333333333333334,0.0,CPI2,nan,nan,mse,RLRuleBandit,CPI2,6.0
5.0,MWUMBothKL,0.09432779578159903,0.0,CPI2,nan,nan,mse,RLRuleBandit,CPI2,7.0
5.0,MWUMBothKL,0.10004634072780715,0.0,CPI2,nan,nan,mse,RLRuleBandit,CPI2,8.0
3.0,OGDBoth,0.4223276147834394,0.0,CPI2,nan,nan,mse,RLRuleBandit,CPI2,9.0
6.0,MWUMConcOnlyKL,0.19911727959773215,0.0,CPI2,nan,nan,mse,RLRuleBandit,CPI2,10.0
5.0,MWUMBothKL,0.10722507916137429,0.0,CPI2,nan,nan,mse,RLRuleBandit,CPI2,11.0
5.0,MWUMBothKL,0.10542351418684212,0.0,CPI2,nan,nan,mse,RLRuleBandit,CPI2,12.0
1.0,OGDVanilla,0.20584702067565847,0.0,CPI2,nan,nan,mse,RLRuleBandit,CPI2,13.0
6.0,MWUMConcOnlyKL,0.16538328132724406,0.0,CPI2,nan,nan,mse,RLRuleBandit,CPI2,14.0
6.0,MWUMConcOnlyKL,0.19632993412143096,0.0,CPI2,nan,nan,mse,RLRuleBandit,CPI2,15.0
6.0,MWUMConcOnlyKL,0.21460842831183422,0.0,CPI2,nan,nan,mse,RLRuleBandit,CPI2,16.0
1.0,OGDVanilla,0.20096857792774978,0.0,CPI2,nan,nan,mse,RLRuleBandit,CPI2,17.0
1.0,OGDVanilla,0.20174888350020628,0.0,CPI2,nan,nan,mse,RLRuleBandit,CPI2,18.0
6.0,MWUMConcOnlyKL,0.11688895449846395,0.0,CPI2,nan,nan,mse,RLRuleBandit,CPI2,19.0
6.0,MWUMConcOnlyKL,0.10618953860719241,0.0,CPI2,nan,nan,mse,RLRuleBandit,CPI2,20.0
6.0,MWUMConcOnlyKL,0.13958900744928945,0.0,CPI2,nan,nan,mse,RLRuleBandit,CPI2,21.0
6.0,MWUMConcOnlyKL,0.10050372653895118,0.0,CPI2,nan,nan,mse,RLRuleBandit,CPI2,22.0
6.0,MWUMConcOnlyKL,0.12266024198865384,0.0,CPI2,nan,nan,mse,RLRuleBandit,CPI2,23.0
6.0,MWUMConcOnlyKL,0.16513207652513479,0.0,CPI2,nan,nan,mse,RLRuleBandit,CPI2,24.0
5.0,MWUMBothKL,0.16476724648599012,0.0,CPI2,nan,nan,mse,RLRuleBandit,CPI2,25.0
6.0,MWUMConcOnlyKL,0.32725930571459705,0.0,CPI2,nan,nan,mse,RLRuleBandit,CPI2,26.0
6.0,MWUMConcOnlyKL,0.11385034820160624,0.0,CPI2,nan,nan,mse,RLRuleBandit,CPI2,27.0
6.0,MWUMConcOnlyKL,0.17229785069846212,0.0,CPI2,nan,nan,mse,RLRuleBandit,CPI2,28.0
3.0,OGDBoth,0.21235891348942873,0.0,CPI2,nan,nan,mse,RLRuleBandit,CPI2,29.0
1.0,OGDVanilla,0.2197775595411447,0.0,CPI2,nan,nan,mse,RLRuleBandit,CPI2,30.0
0.0,Mean,0.08333333333333334,0.0,CPI2,nan,nan,mse,RLRuleBandit,CPI2,31.0
4.0,OGDConcOnly,0.5285162383518921,0.0,CPI2,nan,nan,mse,RLRuleBandit,CPI2,32.0
5.0,MWUMBothKL,0.2009578666772313,0.0,CPI2,nan,nan,mse,RLRuleBandit,CPI2,33.0
0.0,kappa_idx,0.08333333333333334,0.0,CPI2,0.01,0.006932471805599453,mse,RLKappaBandit,CPI2,0.0
1.0,kappa_idx,0.9999999999999383,0.0,CPI2,0.03,0.020795415416798357,mse,RLKappaBandit,CPI2,1.0
2.0,kappa_idx,1.0,0.0,CPI2,0.1,0.06931571805599453,mse,RLKappaBandit,CPI2,2.0
3.0,kappa_idx,0.9999935841447393,0.0,CPI2,0.3,0.2079451541679836,mse,RLKappaBandit,CPI2,3.0
4.0,kappa_idx,0.6233898343971104,0.0,CPI2,1.0,0.6931481805599453,mse,RLKappaBandit,CPI2,4.0
5.0,kappa_idx,0.20808471028886824,0.0,CPI2,3.0,2.079442541679836,mse,RLKappaBandit,CPI2,5.0
6.0,kappa_idx,0.10268360051466006,0.0,CPI2,8.0,5.545178444479562,mse,RLKappaBandit,CPI2,6.0
5.0,kappa_idx,0.08723800808534876,0.0,CPI2,3.0,2.079442541679836,mse,RLKappaBandit,CPI2,7.0
5.0,kappa_idx,0.10748635473018459,0.0,CPI2,3.0,2.079442541679836,mse,RLKappaBandit,CPI2,8.0
6.0,kappa_idx,0.1027009372793034,0.0,CPI2,8.0,5.545178444479562,mse,RLKappaBandit,CPI2,9.0
6.0,kappa_idx,0.0850556621066975,0.0,CPI2,8.0,5.545178444479562,mse,RLKappaBandit,CPI2,10.0
5.0,kappa_idx,0.08568318945652172,0.0,CPI2,3.0,2.079442541679836,mse,RLKappaBandit,CPI2,11.0
5.0,kappa_idx,0.09199558872289734,0.0,CPI2,3.0,2.079442541679836,mse,RLKappaBandit,CPI2,12.0
4.0,kappa_idx,0.1711212688443107,0.0,CPI2,1.0,0.6418549070778152,mse,RLKappaBandit,CPI2,13.0
6.0,kappa_idx,0.09838233598901275,0.0,CPI2,8.0,4.855176376155879,mse,RLKappaBandit,CPI2,14.0
4.0,kappa_idx,0.0889171245009975,0.0,CPI2,1.0,0.6022367477960533,mse,RLKappaBandit,CPI2,15.0
1.0,kappa_idx,0.19364542792972392,0.0,CPI2,0.03,0.01768565358743542,mse,RLKappaBandit,CPI2,16.0
1.0,kappa_idx,0.30643801483635186,0.0,CPI2,0.03,0.016862094707631912,mse,RLKappaBandit,CPI2,17.0
1.0,kappa_idx,0.25684404576288783,0.0,CPI2,0.03,0.016982936821374355,mse,RLKappaBandit,CPI2,18.0
1.0,kappa_idx,0.48450229832171915,0.0,CPI2,0.03,0.016835947672606898,mse,RLKappaBandit,CPI2,19.0
1.0,kappa_idx,0.2805096689729356,0.0,CPI2,0.03,0.016804973766944443,mse,RLKappaBandit,CPI2,20.0
1.0,kappa_idx,0.9989703047967269,0.0,CPI2,0.03,0.016265548037268283,mse,RLKappaBandit,CPI2,21.0
1.0,kappa_idx,0.336458350041776,0.0,CPI2,0.03,0.015546916902870135,mse,RLKappaBandit,CPI2,22.0
1.0,kappa_idx,0.9944128154158586,0.0,CPI2,0.03,0.0148406453843732,mse,RLKappaBandit,CPI2,23.0
6.0,kappa_idx,0.6163676683557229,0.0,CPI2,8.0,4.463848250017038,mse,RLKappaBandit,CPI2,24.0
5.0,kappa_idx,0.1298074935315602,0.0,CPI2,3.0,1.89421131646487,mse,RLKappaBandit,CPI2,25.0
4.0,kappa_idx,0.16620189167146682,0.0,CPI2,1.0,0.6726026108868617,mse,RLKappaBandit,CPI2,26.0
4.0,kappa_idx,0.10864788545318464,0.0,CPI2,1.0,0.6877009784900983,mse,RLKappaBandit,CPI2,27.0
1.0,kappa_idx,0.157590252513285,0.0,CPI2,0.03,0.020861840362089205,mse,RLKappaBandit,CPI2,28.0
4.0,kappa_idx,0.9657791101553189,0.0,CPI2,1.0,0.7141769118553906,mse,RLKappaBandit,CPI2,29.0
0.0,kappa_idx,0.16418588852808547,0.0,CPI2,0.01,0.007141362205651813,mse,RLKappaBandit,CPI2,30.0
6.0,kappa_idx,1.0,0.0,CPI2,8.0,5.880273876536952,mse,RLKappaBandit,CPI2,31.0
5.0,kappa_idx,0.1550592488611206,0.0,CPI2,3.0,2.3244803755528975,mse,RLKappaBandit,CPI2,32.0
4.0,kappa_idx,0.22301858915159375,0.0,CPI2,1.0,0.817903281813611,mse,RLKappaBandit,CPI2,33.0
0.0,Mean,0.08333333333333334,0.0,CPI2,nan,nan,linex,RLRuleBandit,CPI2,0.0
1.0,OGDVanilla,0.08333333333333334,0.0,CPI2,nan,nan,linex,RLRuleBandit,CPI2,1.0
2.0,MWUMVanilla,0.08333333333333334,0.0,CPI2,nan,nan,linex,RLRuleBandit,CPI2,2.0
3.0,OGDBoth,0.08333333333333334,0.0,CPI2,nan,nan,linex,RLRuleBandit,CPI2,3.0
4.0,OGDConcOnly,0.08333333333333334,0.0,CPI2,nan,nan,linex,RLRuleBandit,CPI2,4.0
5.0,MWUMBothKL,0.08333333333333334,0.0,CPI2,nan,nan,linex,RLRuleBandit,CPI2,5.0
6.0,MWUMConcOnlyKL,0.08333333333333334,0.0,CPI2,nan,nan,linex,RLRuleBandit,CPI2,6.0
0.0,Mean,0.08333333333333334,0.0,CPI2,nan,nan,linex,RLRuleBandit,CPI2,7.0
3.0,OGDBoth,0.08333480506747475,0.0,CPI2,nan,nan,linex,RLRuleBandit,CPI2,8.0
6.0,MWUMConcOnlyKL,0.08333399377387031,0.0,CPI2,nan,nan,linex,RLRuleBandit,CPI2,9.0
2.0,MWUMVanilla,0.08333343321076069,0.0,CPI2,nan,nan,linex,RLRuleBandit,CPI2,10.0
4.0,OGDConcOnly,0.08371518133730935,0.0,CPI2,nan,nan,linex,RLRuleBandit,CPI2,11.0
5.0,MWUMBothKL,0.08333341181675494,0.0,CPI2,nan,nan,linex,RLRuleBandit,CPI2,12.0
1.0,OGDVanilla,0.0833335676793511,0.0,CPI2,nan,nan,linex,RLRuleBandit,CPI2,13.0
5.0,MWUMBothKL,0.08333343024973472,0.0,CPI2,nan,nan,linex,RLRuleBandit,CPI2,14.0
3.0,OGDBoth,0.08333471518954377,0.0,CPI2,nan,nan,linex,RLRuleBandit,CPI2,15.0
0.0,Mean,0.08333333333333334,0.0,CPI2,nan,nan,linex,RLRuleBandit,CPI2,16.0
6.0,MWUMConcOnlyKL,0.08333370679762245,0.0,CPI2,nan,nan,linex,RLRuleBandit,CPI2,17.0
1.0,OGDVanilla,0.08333355470201606,0.0,CPI2,nan,nan,linex,RLRuleBandit,CPI2,18.0
4.0,OGDConcOnly,0.08334404290066053,0.0,CPI2,nan,nan,linex,RLRuleBandit,CPI2,19.0
2.0,MWUMVanilla,0.08333346242402923,0.0,CPI2,nan,nan,linex,RLRuleBandit,CPI2,20.0
3.0,OGDBoth,0.08333498317771298,0.0,CPI2,nan,nan,linex,RLRuleBandit,CPI2,21.0
4.0,OGDConcOnly,0.08333564939408106,0.0,CPI2,nan,nan,linex,RLRuleBandit,CPI2,22.0
0.0,Mean,0.08333333333333334,0.0,CPI2,nan,nan,linex,RLRuleBandit,CPI2,23.0
1.0,OGDVanilla,0.08333359313868477,0.0,CPI2,nan,nan,linex,RLRuleBandit,CPI2,24.0
6.0,MWUMConcOnlyKL,0.0833333489222307,0.0,CPI2,nan,nan,linex,RLRuleBandit,CPI2,25.0
2.0,MWUMVanilla,0.08333350243617339,0.0,CPI2,nan,nan,linex,RLRuleBandit,CPI2,26.0
5.0,MWUMBothKL,0.08333345333588113,0.0,CPI2,nan,nan,linex,RLRuleBandit,CPI2,27.0
6.0,MWUMConcOnlyKL,0.08373086174611397,0.0,CPI2,nan,nan,linex,RLRuleBandit,CPI2,28.0
4.0,OGDConcOnly,0.08334346250801739,0.0,CPI2,nan,nan,linex,RLRuleBandit,CPI2,29.0
0.0,Mean,0.08333333333333334,0.0,CPI2,nan,nan,linex,RLRuleBandit,CPI2,30.0
5.0,MWUMBothKL,0.08333356555006768,0.0,CPI2,nan,nan,linex,RLRuleBandit,CPI2,31.0
3.0,OGDBoth,0.08333476541968199,0.0,CPI2,nan,nan,linex,RLRuleBandit,CPI2,32.0
1.0,OGDVanilla,0.08333605249451144,0.0,CPI2,nan,nan,linex,RLRuleBandit,CPI2,33.0
0.0,kappa_idx,0.08333333333333334,0.0,CPI2,0.01,0.006932471805599453,linex,RLKappaBandit,CPI2,0.0
1.0,kappa_idx,0.0917271436515782,0.0,CPI2,0.03,0.020795415416798357,linex,RLKappaBandit,CPI2,1.0
2.0,kappa_idx,0.084175998327749,0.0,CPI2,0.1,0.06931571805599453,linex,RLKappaBandit,CPI2,2.0
3.0,kappa_idx,0.08356248045587651,0.0,CPI2,0.3,0.2079451541679836,linex,RLKappaBandit,CPI2,3.0
4.0,kappa_idx,0.08344480696315779,0.0,CPI2,1.0,0.6931481805599453,linex,RLKappaBandit,CPI2,4.0
5.0,kappa_idx,0.08334595473895445,0.0,CPI2,3.0,2.079442541679836,linex,RLKappaBandit,CPI2,5.0
6.0,kappa_idx,0.08333360710986644,0.0,CPI2,8.0,5.545178444479562,linex,RLKappaBandit,CPI2,6.0
0.0,kappa_idx,0.08333333994404463,0.0,CPI2,0.01,0.006932471805599453,linex,RLKappaBandit,CPI2,7.0
3.0,kappa_idx,0.0919615287639291,0.0,CPI2,0.3,0.2079451541679836,linex,RLKappaBandit,CPI2,8.0
6.0,kappa_idx,0.08333940888874303,0.0,CPI2,8.0,5.545178444479562,linex,RLKappaBandit,CPI2,9.0
2.0,kappa_idx,0.08333333708129328,0.0,CPI2,0.1,0.06931571805599453,linex,RLKappaBandit,CPI2,10.0
4.0,kappa_idx,0.08336038616996064,0.0,CPI2,1.0,0.6931481805599453,linex,RLKappaBandit,CPI2,11.0
5.0,kappa_idx,0.08333358007210424,0.0,CPI2,3.0,2.079442541679836,linex,RLKappaBandit,CPI2,12.0
1.0,kappa_idx,0.08333364404592813,0.0,CPI2,0.03,0.019256617212334456,linex,RLKappaBandit,CPI2,13.0
5.0,kappa_idx,0.08336179523820264,0.0,CPI2,3.0,1.8206917660584545,linex,RLKappaBandit,CPI2,14.0
3.0,kappa_idx,0.0833334034569459,0.0,CPI2,0.3,0.18067172433881598,linex,RLKappaBandit,CPI2,15.0
0.0,kappa_idx,0.08334452708563417,0.0,CPI2,0.01,0.00589588452914514,linex,RLKappaBandit,CPI2,16.0
6.0,kappa_idx,0.08495920975796463,0.0,CPI2,8.0,4.496292922035177,linex,RLKappaBandit,CPI2,17.0
1.0,kappa_idx,0.08333333354736873,0.0,CPI2,0.03,0.016982936821374355,linex,RLKappaBandit,CPI2,18.0
4.0,kappa_idx,0.08348372328758141,0.0,CPI2,1.0,0.5611659224202299,linex,RLKappaBandit,CPI2,19.0
2.0,kappa_idx,0.0833334961929369,0.0,CPI2,0.1,0.056014245889814816,linex,RLKappaBandit,CPI2,20.0
3.0,kappa_idx,0.08334864909666304,0.0,CPI2,0.3,0.16264648037268284,linex,RLKappaBandit,CPI2,21.0
4.0,kappa_idx,0.08333551464172888,0.0,CPI2,1.0,0.5181982300956712,linex,RLKappaBandit,CPI2,22.0
0.0,kappa_idx,0.08333368190498165,0.0,CPI2,0.01,0.004947548461457734,linex,RLKappaBandit,CPI2,23.0
1.0,kappa_idx,0.08508727697830339,0.0,CPI2,0.03,0.01674042718756389,linex,RLKappaBandit,CPI2,24.0
6.0,kappa_idx,0.09780609623727014,0.0,CPI2,8.0,5.051228510572987,linex,RLKappaBandit,CPI2,25.0
2.0,kappa_idx,0.08333953542504623,0.0,CPI2,0.1,0.06726116108868617,linex,RLKappaBandit,CPI2,26.0
5.0,kappa_idx,0.08421372560351913,0.0,CPI2,3.0,2.063100935470295,linex,RLKappaBandit,CPI2,27.0
6.0,kappa_idx,0.08333366982042274,0.0,CPI2,8.0,5.562891763223788,linex,RLKappaBandit,CPI2,28.0
4.0,kappa_idx,0.083334032274421,0.0,CPI2,1.0,0.7141769118553906,linex,RLKappaBandit,CPI2,29.0
0.0,kappa_idx,0.0833378750343932,0.0,CPI2,0.01,0.007141362205651813,linex,RLKappaBandit,CPI2,30.0
5.0,kappa_idx,0.16074729786210126,0.0,CPI2,3.0,2.205103328701357,linex,RLKappaBandit,CPI2,31.0
3.0,kappa_idx,0.08333405257438897,0.0,CPI2,0.3,0.23244893755528973,linex,RLKappaBandit,CPI2,32.0
1.0,kappa_idx,0.08373228195438626,0.0,CPI2,0.03,0.02453806845440833,linex,RLKappaBandit,CPI2,33.0
0.0,Mean,0.08333333333333334,0.0,CPI3,nan,nan,mse,RLRuleBandit,CPI3,0.0
1.0,OGDVanilla,0.08333333333333334,0.0,CPI3,nan,nan,mse,RLRuleBandit,CPI3,1.0
2.0,MWUMVanilla,0.08333333333333334,0.0,CPI3,nan,nan,mse,RLRuleBandit,CPI3,2.0
3.0,OGDBoth,0.08333333333333334,0.0,CPI3,nan,nan,mse,RLRuleBandit,CPI3,3.0
4.0,OGDConcOnly,0.08333333333333334,0.0,CPI3,nan,nan,mse,RLRuleBandit,CPI3,4.0
5.0,MWUMBothKL,0.08333333333333334,0.0,CPI3,nan,nan,mse,RLRuleBandit,CPI3,5.0
6.0,MWUMConcOnlyKL,0.08333333333333334,0.0,CPI3,nan,nan,mse,RLRuleBandit,CPI3,6.0
4.0,OGDConcOnly,0.10138078369787339,0.0,CPI3,nan,nan,mse,RLRuleBandit,CPI3,7.0
0.0,Mean,0.08333333333333334,0.0,CPI3,nan,nan,mse,RLRuleBandit,CPI3,8.0
0.0,Mean,0.08333333333333334,0.0,CPI3,nan,nan,mse,RLRuleBandit,CPI3,9.0
4.0,OGDConcOnly,0.5214640888547878,0.0,CPI3,nan,nan,mse,RLRuleBandit,CPI3,10.0
0.0,Mean,0.08333333333333334,0.0,CPI3,nan,nan,mse,RLRuleBandit,CPI3,11.0
5.0,MWUMBothKL,0.10845529428996549,0.0,CPI3,nan,nan,mse,RLRuleBandit,CPI3,12.0
4.0,OGDConcOnly,1.0,0.0,CPI3,nan,nan,mse,RLRuleBandit,CPI3,13.0
5.0,MWUMBothKL,0.1023536572479783,0.0,CPI3,nan,nan,mse,RLRuleBandit,CPI3,14.0
4.0,OGDConcOnly,1.0,0.0,CPI3,nan,nan,mse,RLRuleBandit,CPI3,15.0
3.0,OGDBoth,0.12412451065842928,0.0,CPI3,nan,nan,mse,RLRuleBandit,CPI3,16.0
3.0,OGDBoth,0.1153620234027609,0.0,CPI3,nan,nan,mse,RLRuleBandit,CPI3,17.0
3.0,OGDBoth,0.12081748176917027,0.0,CPI3,nan,nan,mse,RLRuleBandit,CPI3,18.0
3.0,OGDBoth,0.13300939309012616,0.0,CPI3,nan,nan,mse,RLRuleBandit,CPI3,19.0
3.0,OGDBoth,0.13610815565806397,0.0,CPI3,nan,nan,mse,RLRuleBandit,CPI3,20.0
3.0,OGDBoth,0.11251543558041738,0.0,CPI3,nan,nan,mse,RLRuleBandit,CPI3,21.0
3.0,OGDBoth,0.11548226856888377,0.0,CPI3,nan,nan,mse,RLRuleBandit,CPI3,22.0
3.0,OGDBoth,0.1262909380860544,0.0,CPI3,nan,nan,mse,RLRuleBandit,CPI3,23.0
3.0,OGDBoth,0.1774336776637081,0.0,CPI3,nan,nan,mse,RLRuleBandit,CPI3,24.0
0.0,Mean,0.08333333333333334,0.0,CPI3,nan,nan,mse,RLRuleBandit,CPI3,25.0
4.0,OGDConcOnly,1.0,0.0,CPI3,nan,nan,mse,RLRuleBandit,CPI3,26.0
5.0,MWUMBothKL,0.10550212835636033,0.0,CPI3,nan,nan,mse,RLRuleBandit,CPI3,27.0
0.0,Mean,0.08333333333333334,0.0,CPI3,nan,nan,mse,RLRuleBandit,CPI3,28.0
4.0,OGDConcOnly,1.0,0.0,CPI3,nan,nan,mse,RLRuleBandit,CPI3,29.0
0.0,Mean,0.08333333333333334,0.0,CPI3,nan,nan,mse,RLRuleBandit,CPI3,30.0
6.0,MWUMConcOnlyKL,0.9498450198098044,0.0,CPI3,nan,nan,mse,RLRuleBandit,CPI3,31.0
5.0,MWUMBothKL,0.25041486082976305,0.0,CPI3,nan,nan,mse,RLRuleBandit,CPI3,32.0
5.0,MWUMBothKL,0.2468613233866697,0.0,CPI3,nan,nan,mse,RLRuleBandit,CPI3,33.0
0.0,kappa_idx,0.08333333333333334,0.0,CPI3,0.01,0.006932471805599453,mse,RLKappaBandit,CPI3,0.0
1.0,kappa_idx,1.0,0.0,CPI3,0.03,0.020795415416798357,mse,RLKappaBandit,CPI3,1.0
2.0,kappa_idx,0.9888010046459814,0.0,CPI3,0.1,0.06931571805599453,mse,RLKappaBandit,CPI3,2.0
3.0,kappa_idx,1.0,0.0,CPI3,0.3,0.2079451541679836,mse,RLKappaBandit,CPI3,3.0
4.0,kappa_idx,0.9773288741415563,0.0,CPI3,1.0,0.6931481805599453,mse,RLKappaBandit,CPI3,4.0
5.0,kappa_idx,0.11815567981911865,0.0,CPI3,3.0,2.079442541679836,mse,RLKappaBandit,CPI3,5.0
6.0,kappa_idx,0.1424382180562181,0.0,CPI3,8.0,5.545178444479562,mse,RLKappaBandit,CPI3,6.0
0.0,kappa_idx,0.09140805027734003,0.0,CPI3,0.01,0.006932471805599453,mse,RLKappaBandit,CPI3,7.0
0.0,kappa_idx,0.9968467949314757,0.0,CPI3,0.01,0.006932471805599453,mse,RLKappaBandit,CPI3,8.0
4.0,kappa_idx,0.9702712830345407,0.0,CPI3,1.0,0.6931481805599453,mse,RLKappaBandit,CPI3,9.0
0.0,kappa_idx,0.12033411145097687,0.0,CPI3,0.01,0.006932471805599453,mse,RLKappaBandit,CPI3,10.0
0.0,kappa_idx,1.0,0.0,CPI3,0.01,0.006932471805599453,mse,RLKappaBandit,CPI3,11.0
0.0,kappa_idx,1.0,0.0,CPI3,0.01,0.006932471805599453,mse,RLKappaBandit,CPI3,12.0
0.0,kappa_idx,0.4758681575392178,0.0,CPI3,0.01,0.006439132093042979,mse,RLKappaBandit,CPI3,13.0
4.0,kappa_idx,1.0,0.0,CPI3,1.0,0.5960099912176954,mse,RLKappaBandit,CPI3,14.0
0.0,kappa_idx,0.3358438212937864,0.0,CPI3,0.01,0.0059493332371094,mse,RLKappaBandit,CPI3,15.0
0.0,kappa_idx,0.662452111160772,0.0,CPI3,0.01,0.005733161332231886,mse,RLKappaBandit,CPI3,16.0
0.0,kappa_idx,0.7698837294340868,0.0,CPI3,0.01,0.005390815722187726,mse,RLKappaBandit,CPI3,17.0
0.0,kappa_idx,0.9999875444524223,0.0,CPI3,0.01,0.005354863927186397,mse,RLKappaBandit,CPI3,18.0
0.0,kappa_idx,1.0,0.0,CPI3,0.01,0.005215865661444922,mse,RLKappaBandit,CPI3,19.0
0.0,kappa_idx,0.8780313325281925,0.0,CPI3,0.01,0.0049803470205479535,mse,RLKappaBandit,CPI3,20.0
0.0,kappa_idx,0.5624280259095988,0.0,CPI3,0.01,0.004852510844512331,mse,RLKappaBandit,CPI3,21.0
0.0,kappa_idx,0.9999990593434789,0.0,CPI3,0.01,0.004618287028029769,mse,RLKappaBandit,CPI3,22.0
0.0,kappa_idx,0.9999999999999996,0.0,CPI3,0.01,0.004241469295080414,mse,RLKappaBandit,CPI3,23.0
0.0,kappa_idx,1.0,0.0,CPI3,0.01,0.005060331162380031,mse,RLKappaBandit,CPI3,24.0
0.0,kappa_idx,1.0,0.0,CPI3,0.01,0.0059258281693331276,mse,RLKappaBandit,CPI3,25.0
0.0,kappa_idx,0.7176583151435567,0.0,CPI3,0.01,0.006370629503135235,mse,RLKappaBandit,CPI3,26.0
0.0,kappa_idx,0.9999999999978315,0.0,CPI3,0.01,0.0065658206254551954,mse,RLKappaBandit,CPI3,27.0
4.0,kappa_idx,1.0,0.0,CPI3,1.0,0.6772545583539684,mse,RLKappaBandit,CPI3,28.0
0.0,kappa_idx,0.881569394248428,0.0,CPI3,0.01,0.007125594023278579,mse,RLKappaBandit,CPI3,29.0
0.0,kappa_idx,1.0,0.0,CPI3,0.01,0.007554149682280225,mse,RLKappaBandit,CPI3,30.0
4.0,kappa_idx,1.0,0.0,CPI3,1.0,0.8038924825019427,mse,RLKappaBandit,CPI3,31.0
5.0,kappa_idx,0.9999738248451008,0.0,CPI3,3.0,2.504933543509088,mse,RLKappaBandit,CPI3,32.0
5.0,kappa_idx,0.13245175628764805,0.0,CPI3,3.0,2.5302157754493644,mse,RLKappaBandit,CPI3,33.0
0.0,Mean,0.08333333333333334,0.0,CPI3,nan,nan,linex,RLRuleBandit,CPI3,0.0
1.0,OGDVanilla,0.08333333333333334,0.0,CPI3,nan,nan,linex,RLRuleBandit,CPI3,1.0
2.0,MWUMVanilla,0.08333333333333334,0.0,CPI3,nan,nan,linex,RLRuleBandit,CPI3,2.0
3.0,OGDBoth,0.08333333333333334,0.0,CPI3,nan,nan,linex,RLRuleBandit,CPI3,3.0
4.0,OGDConcOnly,0.08333333333333334,0.0,CPI3,nan,nan,linex,RLRuleBandit,CPI3,4.0
5.0,MWUMBothKL,0.08333333333333334,0.0,CPI3,nan,nan,linex,RLRuleBandit,CPI3,5.0
6.0,MWUMConcOnlyKL,0.08333333333333334,0.0,CPI3,nan,nan,linex,RLRuleBandit,CPI3,6.0
5.0,MWUMBothKL,0.08333360526932637,0.0,CPI3,nan,nan,linex,RLRuleBandit,CPI3,7.0
4.0,OGDConcOnly,0.08333336150351958,0.0,CPI3,nan,nan,linex,RLRuleBandit,CPI3,8.0
2.0,MWUMVanilla,0.0833338214624177,0.0,CPI3,nan,nan,linex,RLRuleBandit,CPI3,9.0
3.0,OGDBoth,0.08333344857744791,0.0,CPI3,nan,nan,linex,RLRuleBandit,CPI3,10.0
0.0,Mean,0.08333333333333334,0.0,CPI3,nan,nan,linex,RLRuleBandit,CPI3,11.0
6.0,MWUMConcOnlyKL,0.08333425299677391,0.0,CPI3,nan,nan,linex,RLRuleBandit,CPI3,12.0
1.0,OGDVanilla,0.0833337782599676,0.0,CPI3,nan,nan,linex,RLRuleBandit,CPI3,13.0
5.0,MWUMBothKL,0.08333354170606373,0.0,CPI3,nan,nan,linex,RLRuleBandit,CPI3,14.0
6.0,MWUMConcOnlyKL,0.08333335412757553,0.0,CPI3,nan,nan,linex,RLRuleBandit,CPI3,15.0
4.0,OGDConcOnly,0.08333956377968652,0.0,CPI3,nan,nan,linex,RLRuleBandit,CPI3,16.0
0.0,Mean,0.08333333333333334,0.0,CPI3,nan,nan,linex,RLRuleBandit,CPI3,17.0
2.0,MWUMVanilla,0.08333388891450912,0.0,CPI3,nan,nan,linex,RLRuleBandit,CPI3,18.0
3.0,OGDBoth,0.08333351019026013,0.0,CPI3,nan,nan,linex,RLRuleBandit,CPI3,19.0
6.0,MWUMConcOnlyKL,0.08333385513689502,0.0,CPI3,nan,nan,linex,RLRuleBandit,CPI3,20.0
5.0,MWUMBothKL,0.08333349836578544,0.0,CPI3,nan,nan,linex,RLRuleBandit,CPI3,21.0
4.0,OGDConcOnly,0.0833341690891756,0.0,CPI3,nan,nan,linex,RLRuleBandit,CPI3,22.0
2.0,MWUMVanilla,0.08333398220141566,0.0,CPI3,nan,nan,linex,RLRuleBandit,CPI3,23.0
1.0,OGDVanilla,0.08333390125047481,0.0,CPI3,nan,nan,linex,RLRuleBandit,CPI3,24.0
3.0,OGDBoth,0.08333354610903337,0.0,CPI3,nan,nan,linex,RLRuleBandit,CPI3,25.0
0.0,Mean,0.08333333333333334,0.0,CPI3,nan,nan,linex,RLRuleBandit,CPI3,26.0
5.0,MWUMBothKL,0.0833334609836904,0.0,CPI3,nan,nan,linex,RLRuleBandit,CPI3,27.0
1.0,OGDVanilla,0.08333916949689828,0.0,CPI3,nan,nan,linex,RLRuleBandit,CPI3,28.0
6.0,MWUMConcOnlyKL,0.0833333900902339,0.0,CPI3,nan,nan,linex,RLRuleBandit,CPI3,29.0
4.0,OGDConcOnly,0.08334621213792914,0.0,CPI3,nan,nan,linex,RLRuleBandit,CPI3,30.0
2.0,MWUMVanilla,0.08333434614673367,0.0,CPI3,nan,nan,linex,RLRuleBandit,CPI3,31.0
0.0,Mean,0.08333333333333334,0.0,CPI3,nan,nan,linex,RLRuleBandit,CPI3,32.0
1.0,OGDVanilla,0.0833374926241941,0.0,CPI3,nan,nan,linex,RLRuleBandit,CPI3,33.0
0.0,kappa_idx,0.08333333333333334,0.0,CPI3,0.01,0.006932471805599453,linex,RLKappaBandit,CPI3,0.0
1.0,kappa_idx,0.0839265244653237,0.0,CPI3,0.03,0.020795415416798357,linex,RLKappaBandit,CPI3,1.0
2.0,kappa_idx,0.08609459568204098,0.0,CPI3,0.1,0.06931571805599453,linex,RLKappaBandit,CPI3,2.0
3.0,kappa_idx,0.08454013726385633,0.0,CPI3,0.3,0.2079451541679836,linex,RLKappaBandit,CPI3,3.0
4.0,kappa_idx,0.08334365512837906,0.0,CPI3,1.0,0.6931481805599453,linex,RLKappaBandit,CPI3,4.0
5.0,kappa_idx,0.08333419264257885,0.0,CPI3,3.0,2.079442541679836,linex,RLKappaBandit,CPI3,5.0
6.0,kappa_idx,0.08333428015196537,0.0,CPI3,8.0,5.545178444479562,linex,RLKappaBandit,CPI3,6.0
5.0,kappa_idx,0.08333334251136712,0.0,CPI3,3.0,2.079442541679836,linex,RLKappaBandit,CPI3,7.0
4.0,kappa_idx,0.08333334738655235,0.0,CPI3,1.0,0.6931481805599453,linex,RLKappaBandit,CPI3,8.0
2.0,kappa_idx,0.08333348535760945,0.0,CPI3,0.1,0.06931571805599453,linex,RLKappaBandit,CPI3,9.0
3.0,kappa_idx,0.0833568736716108,0.0,CPI3,0.3,0.2079451541679836,linex,RLKappaBandit,CPI3,10.0
0.0,kappa_idx,0.08333653342396859,0.0,CPI3,0.01,0.006932471805599453,linex,RLKappaBandit,CPI3,11.0
6.0,kappa_idx,0.1025811660664192,0.0,CPI3,8.0,5.545178444479562,linex,RLKappaBandit,CPI3,12.0
1.0,kappa_idx,0.08333333354143825,0.0,CPI3,0.03,0.019315396279128937,linex,RLKappaBandit,CPI3,13.0
5.0,kappa_idx,0.0837897057878384,0.0,CPI3,3.0,1.788027973653086,linex,RLKappaBandit,CPI3,14.0
6.0,kappa_idx,0.08333337019427722,0.0,CPI3,8.0,4.75866758968752,linex,RLKappaBandit,CPI3,15.0
4.0,kappa_idx,0.08333334023897188,0.0,CPI3,1.0,0.5732171332231886,linex,RLKappaBandit,CPI3,16.0
0.0,kappa_idx,0.08333338551884402,0.0,CPI3,0.01,0.005390815722187726,linex,RLKappaBandit,CPI3,17.0
2.0,kappa_idx,0.0843729878368744,0.0,CPI3,0.1,0.05353963927186397,linex,RLKappaBandit,CPI3,18.0
3.0,kappa_idx,0.08341508041270183,0.0,CPI3,0.3,0.15644696984334766,linex,RLKappaBandit,CPI3,19.0
6.0,kappa_idx,0.08333476177947836,0.0,CPI3,8.0,3.983478616438363,linex,RLKappaBandit,CPI3,20.0
5.0,kappa_idx,0.08333333429383917,0.0,CPI3,3.0,1.455454253353699,linex,RLKappaBandit,CPI3,21.0
4.0,kappa_idx,0.08333333785206393,0.0,CPI3,1.0,0.4617297028029768,linex,RLKappaBandit,CPI3,22.0
2.0,kappa_idx,0.08333381122477324,0.0,CPI3,0.1,0.042405692950804146,linex,RLKappaBandit,CPI3,23.0
1.0,kappa_idx,0.0841261908622687,0.0,CPI3,0.03,0.01517899348714009,linex,RLKappaBandit,CPI3,24.0
3.0,kappa_idx,0.119980121454583,0.0,CPI3,0.3,0.1777458450799938,linex,RLKappaBandit,CPI3,25.0
0.0,kappa_idx,0.08378813110350576,0.0,CPI3,0.01,0.006370629503135235,linex,RLKappaBandit,CPI3,26.0
5.0,kappa_idx,0.09443933189008037,0.0,CPI3,3.0,1.9694471876365587,linex,RLKappaBandit,CPI3,27.0
1.0,kappa_idx,0.08333741377616596,0.0,CPI3,0.03,0.020318606750619052,linex,RLKappaBandit,CPI3,28.0
6.0,kappa_idx,0.0943143318542409,0.0,CPI3,8.0,5.699676218622863,linex,RLKappaBandit,CPI3,29.0
4.0,kappa_idx,0.08333447697475559,0.0,CPI3,1.0,0.7553159682280225,linex,RLKappaBandit,CPI3,30.0
2.0,kappa_idx,0.08359591846300563,0.0,CPI3,0.1,0.08039014825019428,linex,RLKappaBandit,CPI3,31.0
0.0,kappa_idx,0.09785861549601009,0.0,CPI3,0.01,0.008350775145030293,linex,RLKappaBandit,CPI3,32.0
1.0,kappa_idx,0.1010681937050563,0.0,CPI3,0.03,0.025303147754493646,linex,RLKappaBandit,CPI3,33.0
