Date,SPFfor_Step1,SPFfor_Step2,SPFfor_Step3,SPFfor_Step4,SPFfor_Step5,IARfor_Step1,IARfor_Step2,IARfor_Step3,IARfor_Step4,IARfor_Step5,NCfor_Step1,NCfor_Step2,NCfor_Step3,NCfor_Step4,NCfor_Step5,DARfor_Step1,DARfor_Step2,DARfor_Step3,DARfor_Step4,DARfor_Step5,DARMfor_Step1,DARMfor_Step2,DARMfor_Step3,DARMfor_Step4,DARMfor_Step5,Realiz1,Realiz2,Realiz3,Realiz4,Realiz5
1968:04,,,,,,,,,,,,,,,,,,,,,,,,,,,,,,5.045115231698727
1969:01,,,,,,,,,,,,,,,,,,,,,,,,,,,,,,4.982286456027252
1969:02,,,,,,,,,,,,,,,,,,,,,,,,,,,,,,6.471056238831152
1969:03,,,,,,,,,,,,,,,,,,,,,,,,,,,,,,5.603519837465831
1969:04,,,,,,,,,,,,,,,,,,,,,,,,,,,,,,6.279878248002069
1970:01,,,,,,,,,,,,,,,,,,,,,,,,,,,,,,6.5552449536000035
1970:02,,,,,,,,,,,,,,,,,,,,,,,,,,,,,,5.71797172118329
1970:03,,,,,,,,,,,,,,,,,,,,,,,,,,,,,,4.206266536837333
1970:04,,,,,,,,,,,,,,,,,,,,,,,,,,,,,,5.934685671334483
1971:01,,,,,,,,,,,,,,,,,,,,,,,,,,,,,,3.4097551049786956
1971:02,,,,,,,,,,,,,,,,,,,,,,,,,,,,,,3.7236834815673747
1971:03,,,,,,,,,,,,,,,,,,,,,,,,,,,,,,4.0297254536382
1971:04,,,,,,,,,,,,,,,,,,,,,,,,,,,,,,2.9811624852858154
1972:01,,,,,,,,,,,,,,,,,,,,,,,,,,,,,,3.291906843964809
1972:02,,,,,,,,,,,,,,,,,,,,,,,,,,,,,,2.6057267349632207
1972:03,,,,,,,,,,,,,,,,,,,,,,,,,,,,,,3.2438575790966873
1972:04,,,,,,,,,,,,,,,,,,,,,,,,,,,,,,4.198061104566375
1973:01,,,,,,,,,,,,,,,,,,,,,,,,,,,,,,6.444387388343187
1973:02,,,,,,,,,,,,,,,,,,,,,,,,,,,,,,8.631724015848574
1973:03,,,,,,,,,,,,,,,,,,,,,,,,,,,,,,8.127318745875446
1973:04,,,,,,,,,,,,,,,,,,,,,,,,,,,,,,10.509546174978102
1974:01,,,,,,,,,,,,,,,,,,,,,,,,,,,,,,12.44307440973811
1974:02,,,,,,,,,,,,,,,,,,,,,,,,,,,,,,11.149784560223996
1974:03,,,,,,,,,,,,,,,,,,,,,,,,,,,,,,11.740097603248522
1974:04,,,,,,,,,,,,,,,,,,,,,,,,,,,,,,12.860489754473491
1975:01,,,,,,,,,,,,,,,,,,,,,,,,,,,,,,8.827233554076397
1975:02,,,,,,,,,,,,,,,,,,,,,,,,,,,,,,4.907074146175505
1975:03,,,,,,,,,,,,,,,,,,,,,,,,,,,,,,8.264494921867293
1975:04,,,,,,,,,,,,,,,,,,,,,,,,,,,,,,7.577265961552304
1976:01,,,,,,,,,,,,,,,,,,,,,,,,,,,,,,4.663232950852936
1976:02,,,,,,,,,,,,,,,,,,,,,,,,,,,,,,3.6261073327672255
1976:03,,,,,,,,,,,,,,,,,,,,,,,,,,,,,,6.537394635146221
1976:04,,,,,,,,,,,,,,,,,,,,,,,,,,,,,,5.945475779234344
1977:01,,,,,,,,,,,,,,,,,,,,,,,,,,,,,,7.543935061607909
1977:02,,,,,,,,,,,,,,,,,,,,,,,,,,,,,,7.166923774702383
1977:03,,,,,,,,,,,,,,,,,,,,,,,,,,,,,,5.649943001144542
1977:04,,,,,,,,,,,,,,,,,,,,,,,,,,,,,,6.026806742560842
1978:01,,,,,,,,,,,,,,,,,,,,,,,,,,,,,,7.065255144546345
1978:02,,,,,,,,,,,,,,,,,,,,,,,,,,,,,,9.410691683291873
1978:03,,,,,,,,,,,,,,,,,,,,,,,,,,,,,,9.637038982725699
1978:04,,,,,,,,,,,,,,,,,,,,,,,,,,,,,,9.626849504242795
1979:01,,,,,,,,,,,,,,,,,,,,,,,,,,,,,,10.461080358828179
1979:02,,,,,,,,,,,,,,,,,,,,,,,,,,,,,,13.336153547569452
1979:03,,,,,,,,,,,,,,,,,,,,,,,,,,,,,,13.521234256918513
1979:04,,,,,,,,,,,,,,,,,,,,,,,,,,,,,,13.278156014899235
1980:01,,,,,,,,,,,,,,,,,,,,,,,,,,,,,,16.741447741001856
1980:02,,,,,,,,,,,,,,,,,,,,,,,,,,,,,,14.194984288211842
1980:03,,,,,,,,,,,,,,,,,,,,,,,,,,,,,,7.7211359189189865
1980:04,,,,,,,,,,,,,,,,,,,,,,,,,,,,,,11.693861391181425
1981:01,,,,,,,,,,,,,,,,,,,,,,,,,,,,,,11.531024140762991
1981:02,,,,,,,,,,,,,,,,,,,,,,,,,,,,,,8.604106963196777
1981:03,9.35,,,,,,,,,,,,,,,,,,,,,,,,,,,,,11.614066029075797
1981:04,9.6,8.0,,,,,,,,,,,,,,,,,,,,,,,,,,,,6.663194282826179
1982:01,6.0,7.8,7.95,,,,,,,,,,,,,,,,,,,,,,,,,,,3.6025955319360037
1982:02,3.4,6.3,7.5,7.55,,,,,,,,,,,,,,,,,,,,,,,,,,5.9051537435523604
1982:03,7.5,5.9,6.7,7.5,7.8,,,,,,,,,,,,,,,,,,,,,,,,,7.1299314985132645
1982:04,4.0,5.8,6.0,6.8,8.0,,,,,,,,,,,,,,,,,,,,,,,,,1.234765008424632
1983:01,2.9,5.0,6.1,6.25,6.7,,,,,,,,,,,,,,,,,,,,,,,,,0.272572244049063
1983:02,4.0,4.2,5.5,6.0,6.0,,,,,,,,,,,,,,,,,,,,,,,,,4.706715135291217
1983:03,4.5,4.5,4.3,5.5,6.0,,,,,,,,,,,,,,,,,,,,,,,,,3.9578937987760687
1983:04,5.0,4.55,4.6,4.6,6.0,,,,,,,,,,,,,,,,,,,,,,,,,4.056283974170327
1984:01,4.2,5.0,4.6,4.9,5.0,,,,,,,,,,,,,,,,,,,,,,,,,5.792695641534196
1984:02,4.4,4.4,5.0,4.5,4.9,,,,,,,,,,,,,,,,,,,,,,,,,3.8247976908982295
1984:03,3.7,5.0,4.85,5.1,4.5,,,,,,,,,,,,,,,,,,,,,,,,,3.5238930678492153
1984:04,4.0,4.4,5.25,4.8,5.5,,,,,,,,,,,,,,,,,,,,,,,,,3.493122451507946
1985:01,3.35,4.1,4.9,5.3,5.2,,,,,,,,,,,,,,,,,,,,,,,,,3.7229230522680457
1985:02,4.0,3.6,4.3,5.2,5.65,,,,,,,,,,,,,,,,,,,,,,,,,3.68859570821507
1985:03,3.5,4.0,4.0,4.6,5.3,,,,,,,,,,,,,,,,,,,,,,,,,2.5100756464268903
1985:04,3.2,3.9,4.3,4.2,4.7,,,,,,,,,,,,,,,,,,,,,,,,,4.140632976669423
1986:01,3.2,3.5,4.2,4.65,4.7,,,,,,,,,,,,,,,,,,,,,,,,,2.095783347799185
1986:02,-0.6,3.2,3.7,4.4,4.45,,,,,,,,,,,,,,,,,,,,,,,,,-1.9328937989681383
1986:03,2.9,2.6,3.5,4.0,4.5,,,,,,,,,,,,,,,,,,,,,,,,,2.46825790146461
1986:04,3.05,3.3,3.4,3.65,4.2,,,,,,,,,,,,,,,,,,,,,,,,,2.8249453016673476
1987:01,3.3,3.35,3.5,3.7,4.0,,,,,,,,,,,,,,,,,,,,,,,,,4.9161189315775955
1987:02,4.25,3.5,3.5,3.5,3.95,,,,,,,,,,,,,,,,,,,,,,,,,4.609503600259357
1987:03,4.0,4.35,4.0,3.75,3.7,,,,,,,,,,,,,,,,,,,,,,,,,4.313346581732214
1987:04,4.2,4.3,4.4,4.1,3.9,,,,,,,,,,,,,,,,,,,,,,,,,3.786565889339011
1988:01,3.7,4.5,4.6,4.25,4.0,,,,,,,,,,,,,,,,,,,,,,,,,3.158114197810713
1988:02,4.15,3.95,4.2,4.5,4.45,,,,,,,,,,,,,,,,,,,,,,,,,4.668029748448688
1988:03,4.8,4.35,4.05,4.3,4.6,,,,,,,,,,,,,,,,,,,,,,,,,4.966574789357625
1988:04,5.0,4.9,4.6,4.2,4.5,,,,,,,,,,,,,,,,,,,,,,,,,4.441875929858252
1989:01,4.6,4.85,5.0,4.65,4.6,,,,,,,,,,,,,,,,,,,,,,,,,4.6222196185139675
1989:02,5.9,5.0,4.85,5.1,4.7,,,,,,,,,,,,,,,,,,,,,,,,,6.624222048547779
1989:03,4.35,5.05,4.85,4.9,4.9,,,,,,,,,,,,,,,,,,,,,,,,,3.164399566443765
1989:04,4.0,4.6,5.0,4.85,5.0,,,,,,,,,,,,,,,,,,,,,,,,,4.1287738187626655
1990:01,4.9,4.2,4.7,5.0,4.7,,,,,,,,,,,,,,,,,,,,,,,,,7.06543507578159
1990:02,4.0,4.3,4.2,4.65,4.6,,,,,,,,,,,,,,,,,,,,,,,,,4.016416990809968
1990:03,5.7,4.0,4.2,4.2,4.65,,,,,,,,,,,,,,,,,,,,,,,,,7.090070695024453
1990:04,7.7,5.0,4.0,4.4,4.3,,,,,,,,,,,,,,,,,,,,,,,,,6.96663043468968
1991:01,3.9,5.35,4.5,4.5,4.5,,,,,,,,,,,,,,,,,,,,,,,,,3.0239807023374032
1991:02,2.8,3.45,4.2,4.1,4.3,,,,,,,,,,,,,,,,,,,,,,,,,2.395701179362386
1991:03,3.2,3.75,3.6,4.15,4.2,,,,,,,,,,,,,,,,,,,,,,,,,3.083967808057264
1991:04,3.2,3.6,3.8,3.7,4.35,,,,,,,,,,,,,,,,,,,,,,,,,3.3602224016604287
1992:01,3.0,3.4,3.9,4.0,3.9,,,,,,,,,,,,,,,,,,,,,,,,2.6375432038622693,2.7382280597424202
1992:02,3.3,3.2,3.5,3.79,3.8,,,,,,,,,,,,,,,,,,,,,,,,3.307919293208883,3.112608452085097
1992:03,3.0,3.35,3.4,3.6,3.8,,,,,,,,,,,,,,,,,,,,,,,,3.086342384444407,3.0885763802970922
1992:04,3.1,3.3,3.5,3.5,3.7,,,,,,,,,,,,,,,,,,,,,,,,3.4504393106911113,3.550094292854844
1993:01,3.0,3.1,3.2,3.55,3.5,,,,,,,,,,,,,,,,,,,,,,,3.0372784149417686,3.0365579284594713,2.942027193312158
1993:02,3.2,3.1,3.2,3.4,3.7,,,,,,,,,,,,,,,,,,,,,,,3.1096755755027017,3.0136814699839753,2.920547766678294
1993:03,2.65,3.2,3.25,3.3,3.4,,,,,,,,,,,,,,,,,,,,,,,1.674382234056293,1.674382234056293,1.863448630578235
1993:04,3.0,3.3,3.3,3.2,3.4,,,,,,,,,,,,,,,,,,,,,,,3.261235949114294,3.261235949114294,3.357135212659923
1994:01,2.9,3.0,3.3,3.5,3.3,,,,,,,,,,,,,,,,,,,,,,2.117546571436746,2.1170593086176526,2.1170593086176526,2.024786230811726
1994:02,3.1,3.1,3.02,3.3,3.5,,,,,,,,,,,,,,,,,,,,,2.754027670827819,2.754027670827819,2.568087645689343,2.568087645689343,2.2916453191171415
1994:03,3.3,3.2,3.15,3.05,3.3,2.9962889751798416,,,,,2.754027670827819,,,,,2.9962889751798416,,,,,,,,,,3.5665889383219795,3.56740446680448,3.56740446680448,3.56740446680448,3.75718284471529
1994:04,3.2,3.3,3.3,3.25,3.05,3.0246256421971136,2.7144375539260395,,,,3.5665889383219795,2.754027670827819,,,,3.0246256421971136,2.6851783979384054,,,,,,,,,2.255974463877175,2.255974463877175,2.255974463877175,2.5292337913209506,2.3485901131760967
1995:01,3.15,3.5,3.3,3.3,3.3,2.5574213696436354,2.916155009243944,2.783308790410635,,,2.255974463877175,3.5665889383219795,2.754027670827819,,,2.5574213696436354,3.2002665485228627,3.1137605833915565,,,,,,,,3.0600855078853684,3.0600855078853684,2.9690932737136633,2.7854113626607058,2.970429469481628
1995:02,3.3,3.3,3.35,3.3,3.3,3.5076822291791183,3.364970030118048,3.250870623447259,2.9526456940106716,,3.0600855078853684,2.255974463877175,3.5665889383219795,2.754027670827819,,3.5076822291791183,3.3626616972585266,3.6549019393781084,3.3165306994565125,,,,,,,3.398625040290404,3.398625040290404,3.399385055211912,3.1272080367519495,3.3103128296019912
1995:03,2.9,3.5,3.35,3.4,3.4,3.0115204180556505,3.0391321499643253,2.8890613907554026,3.215050014512314,2.927463421070931,3.398625040290404,3.0600855078853684,2.255974463877175,3.5665889383219795,2.754027670827819,3.0115204180556505,2.888688284906727,2.762993723094656,3.783620366751309,3.4282772304487352,,,,,,2.0297202115999724,2.0297202115999724,2.030168096731355,2.1200676733113433,2.0315129388569497
1995:04,2.6,3.2,3.5,3.45,3.45,2.716449524841667,3.1599913431399043,3.1093992395910455,2.9122938012715145,3.1162462585517643,2.0297202115999724,3.398625040290404,3.0600855078853684,2.255974463877175,3.5665889383219795,2.716449524841667,3.350921842786665,3.322623136239226,3.0024459781008943,3.8213190598227538,,,,,,2.107964471436019,2.374305796175058,2.4635889530184585,2.4630471980942703,2.1984448726455996
1996:01,2.8,2.9,3.3,3.6,3.55,3.011402564885904,3.228616910454685,3.4030325908784103,3.3931814227051182,3.372478519004728,2.107964471436019,2.0297202115999724,3.398625040290404,3.0600855078853684,2.255974463877175,3.011402564885904,3.34188530483011,3.5227003182228933,3.416563328168849,3.1193866556256795,,,,,,3.244995467183842,3.244995467183842,3.33377972129969,3.155576833935725,3.604432298625393
1996:02,3.4,2.7,2.9,3.3,3.5,2.9642603960994123,2.911590229542778,2.8289478389201346,3.3129085824194426,3.310026665472837,3.244995467183842,2.107964471436019,2.0297202115999724,3.398625040290404,3.0600855078853684,2.9642603960994123,3.1311047771637153,2.783617399683127,3.5928092098315005,3.4508632935532066,,,,,,3.8364975111249366,3.8364975111249366,3.3943246995883802,3.748097816218765,3.4839957720641523
1996:03,2.7,2.8,2.7,3.0,3.3,3.777686415354963,3.049327952321687,2.7828928681372367,2.9077247590167534,3.3107172045954174,3.8364975111249366,3.244995467183842,2.107964471436019,2.0297202115999724,3.398625040290404,3.777686415354963,3.5561441011824617,2.8508033488667484,2.98897730215099,3.5703046629726556,,,,,,2.319242208457939,2.319242208457939,2.668528828348382,2.4064244314061067,2.321735006817427
1996:04,3.0,2.9,2.7,2.8,3.0,3.1374894738120442,3.750398788159393,3.4023685968185906,3.0601040206113663,3.175186160899419,2.319242208457939,3.8364975111249366,3.244995467183842,2.107964471436019,2.0297202115999724,3.1374894738120442,3.4547708522383136,3.4445074011965504,3.0749807810802143,3.2271320140513984,,,,,,3.169938137725592,3.343405839063296,3.343405839063207,3.2573425069771345,3.5208672146697984
1997:01,3.0,3.1,3.1,3.0,2.9,3.4305375721074216,3.416363797679328,3.737737663787951,3.3473132045953893,3.1624025799044255,3.169938137725592,2.319242208457939,3.8364975111249366,3.244995467183842,2.107964471436019,3.4305375721074216,3.465687562748547,3.667894180449187,3.538884469904133,2.87056124815067,,,,,,2.372275647482458,2.372275647482369,2.201441682764882,2.5444021763706415,2.4593360557784605
1997:02,2.5,3.0,3.0,3.0,3.0,3.1388216614253106,3.5146279257614683,3.5114095030612806,3.731863057351846,3.3553920635901,2.372275647482458,3.169938137725592,2.319242208457939,3.8364975111249366,3.244995467183842,3.1388216614253106,3.546174061681715,3.1955520560709143,3.6994170864316915,3.12843123207929,,,,,,1.0897939878004692,1.0897939878004692,1.3431081644611265,1.173991625290416,0.921942570122658
1997:03,2.2,2.8,3.0,3.0,3.01,2.5767625450122513,3.4079707068587597,3.5417622424357784,3.5438028980009024,3.729137312009911,1.0897939878004692,2.372275647482458,3.169938137725592,2.319242208457939,3.8364975111249366,2.5767625450122513,3.493943655519691,3.4199417610117147,3.3436062576498973,3.401940347510934,,,,,,2.0133596897812023,2.0133596897812023,1.9284635248646653,1.9284635248647541,2.0150500625000456
1997:04,2.5,2.8,3.0,3.1,3.0,2.9122768148353737,3.122116774094631,3.50247411218615,3.5505179570854137,3.5548431867914108,2.0133596897812023,1.0897939878004692,2.372275647482458,3.169938137725592,2.319242208457939,2.9122768148353737,3.251011984636806,3.202516488526708,3.485313807082052,3.5008220274057864,,,,,,2.087394447181512,2.087394447181512,1.8351971958066482,2.00369481727527,2.1733793779635135
1998:01,1.83,2.5,2.7,3.1,3.15,2.850021158280139,3.209798110784739,3.322128558967684,3.5356560750056367,3.5533432553947835,2.087394447181512,2.0133596897812023,1.0897939878004692,2.372275647482458,3.169938137725592,2.850021158280139,2.91831628480022,2.842165496825882,3.3520288347536353,3.536481429719503,,,,,,0.4954573510847826,0.4954573510847826,0.9933698630511412,0.9931643272213853,0.8272965253157238
1998:02,1.6,2.0,2.6,3.0,3.1,2.2212225372532175,3.177542891903273,3.3082709500223446,3.395484025845454,3.5473069002085955,0.4954573510847826,2.087394447181512,2.0133596897812023,1.0897939878004692,2.372275647482458,2.2212225372532175,3.056812437155221,3.093379494251314,3.1899547659206537,3.467960252326897,,,,,,1.9904013670029697,1.9904013670029697,1.822276611908169,1.655251430067639,1.3233897863133226
1998:03,2.0,2.3,2.3,2.7,2.9,2.694637341250326,2.928518459880327,3.318202121949085,3.3408632390434487,3.422387563175872,1.9904013670029697,0.4954573510847826,2.087394447181512,2.0133596897812023,1.0897939878004692,2.694637341250326,2.616904494008495,3.1125927496347847,3.4369216179844924,3.482737544591377,,,,,,1.8143867433068728,1.8143867433068728,1.6480905689900682,1.7313830694418497,2.0666879645282243
1998:04,1.9,2.4,2.4,2.4,2.6,2.5824914024088335,3.028915885328308,3.218400030197338,3.3786103848701847,3.3516505516857915,1.8143867433068728,1.9904013670029697,0.4954573510847826,2.087394447181512,2.0133596897812023,2.5824914024088335,2.4618800057512074,2.5315441195999573,3.3801967131121136,3.4074686034576454,,,,,,1.888870948642829,1.7239213200146875,1.7239213200146875,1.9728135931858404,1.8904234130363795
1999:01,1.9,2.15,2.5,2.5,2.35,2.5914537207960486,2.9541690357026784,3.187587337962233,3.337206490295875,3.404553639557106,1.888870948642829,1.8143867433068728,1.9904013670029697,0.4954573510847826,2.087394447181512,2.5914537207960486,2.6235573506099854,2.948256229256376,3.2550525550026594,3.3125925943964294,,,,,,1.4699631156799953,1.4699631156799953,1.716523609028231,1.63395312227399,1.4702632819067585
1999:02,2.7,2.0,2.3,2.5,2.6,2.0298882096979036,2.935427738499677,3.1340198691196073,3.2629036582196487,3.385898702586948,1.4699631156799953,1.888870948642829,1.8143867433068728,1.9904013670029697,0.4954573510847826,2.0298882096979036,2.5382526195675483,2.805793444818068,3.2929578581918144,3.0224203003902734,,,,,,3.525337457124378,3.525337457124378,3.2743924054081663,2.8607576293327996,3.0285388806920333
1999:03,2.2,2.2,2.2,2.4,2.5,3.368481831489092,2.2657926081138653,3.1038322732316694,3.221047764756231,3.298653933413794,3.525337457124378,1.4699631156799953,1.888870948642829,1.8143867433068728,1.9904013670029697,3.368481831489092,2.362153019178508,2.7147994927984356,3.2445720294039955,2.5556695705488433,,,,,,2.5920082455718196,2.5920082455718196,2.510253486608871,2.840444326146674,3.00578262771547
1999:04,2.55,2.3,2.2,2.25,2.4,2.893195321483464,3.29061040128782,2.3230103617153572,3.1862806148466287,3.263159633103159,2.5920082455718196,3.525337457124378,1.4699631156799953,1.888870948642829,1.8143867433068728,2.893195321483464,2.760232894107313,2.4880346915215528,2.814199177289009,2.8938757669659623,,,,,,2.9006984088695953,2.9012827983651457,3.2281513289466046,3.229454372071139,2.9833657798668423
2000:01,2.5,2.5,2.315,2.2,2.25,3.1157558234548075,3.0421817691132613,3.2519509039504966,2.482973952011853,3.2266460898374016,2.9006984088695953,2.5920082455718196,3.525337457124378,1.4699631156799953,1.888870948642829,3.1157558234548075,3.131515660496446,3.2898629030261834,2.5670980238529397,2.8102056964236657,,,,,,4.017181172276252,4.017181172276252,4.177826720979061,3.9348809637247406,4.017181172276163
2000:02,3.2,2.45,2.5,2.4,2.2,3.606130531455107,3.0055137449914455,3.1158800229648245,3.2327582843914158,2.604069427366486,4.017181172276252,2.9006984088695953,2.5920082455718196,3.525337457124378,1.4699631156799953,3.606130531455107,2.9521898059858085,2.940697512976896,2.7163209880132113,2.6804904114392465,,,,,,3.5742696572180543,3.6525940848816996,3.009095354652125,3.252735496397774,3.1724690650540177
2000:03,2.9,2.5,2.4,2.5,2.5,3.381722915832535,3.402269285013186,3.0387930894968753,3.1523359067527617,3.223230052755978,3.5742696572180543,4.017181172276252,2.9006984088695953,2.5920082455718196,3.525337457124378,3.381722915832535,3.2654349606095114,3.070503042010798,2.6951135004326625,2.8062147405233153,,,,,,3.0625059611795846,3.0625059611795846,3.544011885828069,3.545407861004546,3.7058687868136486
2000:04,3.0,2.75,2.6,2.5,2.6,3.541193916635672,3.286436776321688,3.301163962034413,3.095606572683242,3.1703693253658596,3.0625059611795846,3.5742696572180543,4.017181172276252,2.9006984088695953,2.5920082455718196,3.541193916635672,3.500374443256991,3.50400752633379,3.162741973518,3.1614805433799074,,,,,,2.7243746359289167,2.8817161727044516,2.961608256095083,2.882277347125406,2.882277347125406
2001:01,2.7,2.8,2.8,2.7,2.5,2.9068888278853766,3.3150544135127493,3.239282260397154,3.2510206095676932,3.094951298349236,2.7243746359289167,3.0625059611795846,3.5742696572180543,4.017181172276252,2.9006984088695953,2.9068888278853766,3.3143586884797074,3.336654069113342,3.3210625678874126,2.9632281475533997,,,,,,4.1960539290964105,4.1960539290964105,3.881539301559722,3.802818805479924,3.881539301559722
2001:02,3.05,2.5,2.7,2.7,2.625,3.7397827497113365,2.9187756310966098,3.1476655720910105,3.2159467744230996,3.2261519308223656,4.1960539290964105,2.7243746359289167,3.0625059611795846,3.5742696572180543,4.017181172276252,3.7397827497113365,3.055675915104494,3.1600929527070827,3.151046222672326,3.1409527147489342,,,,,,3.063738858941756,3.063738858941756,3.1442340823497172,3.2224551303729365,2.834259142619988
2001:03,2.4,2.5,2.5,2.6,2.6,3.2286675238159113,3.386814977750894,2.9286557529344215,3.320998127199211,3.204398677809898,3.063738858941756,4.1960539290964105,2.7243746359289167,3.0625059611795846,3.5742696572180543,3.2286675238159113,3.3230270815381315,3.008536362388818,3.4726955698813144,3.3850198619970002,,,,,,0.6781552433150262,0.6781552433150262,0.754286684348493,0.9814024842536462,1.1338826556812842
2001:04,1.6,2.5,2.5,2.4,2.6,2.3074733891497803,3.557468968843222,3.5432446090661176,3.0465944811060495,3.2407974508565083,0.6781552433150262,3.063738858941756,4.1960539290964105,2.7243746359289167,3.0625059611795846,2.3074733891497803,3.494132789722396,3.6014310413842603,3.263279800618869,3.3118341711063106,,,,,,-0.44943749140007316,-0.29996229351192394,-0.5989127841347641,-0.5242943490467389,-0.29990606823153687
2002:01,1.4,1.9,2.6,2.55,2.55,0.8374023193790913,2.692848337374626,3.297002018857606,3.5041466082037758,3.073160441166395,-0.44943749140007316,0.6781552433150262,3.063738858941756,4.1960539290964105,2.7243746359289167,0.8374023193790913,2.703720987740083,3.25577061045477,3.3679706004539396,3.121514396576925,,,,,,1.3592404712970074,1.3592404712970074,1.2836079331569161,1.2836079331567385,1.2831235194495694
2002:02,3.0,2.0,2.1,2.6,2.5,1.0695997434395248,1.1714942005485756,2.515184795719587,3.387971254659024,3.404493307649555,1.3592404712970074,-0.44943749140007316,0.6781552433150262,3.063738858941756,4.1960539290964105,1.0695997434395248,1.5922893315368776,2.362182113798692,3.2582921704597547,3.2030864641037424,,,,,,3.4123404878206642,3.4123404878206642,3.4904721200998523,3.4904721200998523,3.1821730752178423
2002:03,2.0,2.2,2.1,2.15,2.7,2.323275100022438,0.8824577920582681,1.5628397773732106,2.748879368416279,3.4560265401484465,3.4123404878206642,1.3592404712970074,-0.44943749140007316,0.6781552433150262,3.063738858941756,2.323275100022438,1.1667182607570792,1.9937170916320177,2.84231996651416,3.5445101210916516,,,,,,1.8692830238085767,1.8692830238085767,2.1711890244898058,2.2466826494408787,2.1720020688024366
2002:04,2.3,2.1,2.2,2.3,2.45,2.178456663853175,2.5120139367051935,1.8349033385374431,2.183853496817034,2.9104216599433768,1.8692830238085767,3.4123404878206642,1.3592404712970074,-0.44943749140007316,0.6781552433150262,2.178456663853175,2.336337544161135,2.08171029940296,2.55179947168674,3.007066672925604,,,,,,2.386173995147245,2.009426493850208,1.934108046486882,2.0852026548227043,2.3857292671886743
2003:01,2.5,2.2,2.25,2.5,2.4,3.317282910589335,3.165874843058699,3.320021673065445,1.8323057608605573,2.439665185316819,2.386173995147245,1.8692830238085767,3.4123404878206642,1.3592404712970074,-0.44943749140007316,3.317282910589335,3.0076387853508924,3.2159012439162167,2.808367656821398,2.3491006584517455,,,,,,3.8772564035504775,3.8772564035504775,3.8772564035505663,4.1808854472919155,4.1777667906848
2003:02,2.0,2.1,2.15,2.4,2.5,3.087825514192387,2.5998387353485715,2.551764142807062,2.83949503977177,1.7744892412331477,3.8772564035504775,2.386173995147245,1.8692830238085767,3.4123404878206642,1.3592404712970074,3.087825514192387,2.404101422868255,2.3992589981905628,3.1759025118962843,2.15925763333421,,,,,,0.5837270168443043,0.5837270168443043,0.5837270168442155,0.3643315292370275,-0.6528221914027577
2003:03,1.55,1.815,2.0,2.2,2.4,1.3283780844538906,2.615252199206849,2.692981898813842,2.555531969764527,2.8069601152792876,0.5837270168443043,3.8772564035504775,2.386173995147245,1.8692830238085767,3.4123404878206642,1.3283780844538906,2.652566213736131,2.675741949855104,2.638368382875854,2.700009583837537,,,,,,2.3468015439229717,2.3468015439229717,2.3468015439229717,2.1989282770414675,3.019767782018845
2003:04,2.2,1.4,2.055,2.2,2.2,3.457937246402189,3.0368361759694174,3.4485813067557154,3.15778254644814,3.0295639725742203,2.3468015439229717,0.5837270168443043,3.8772564035504775,2.386173995147245,1.8692830238085767,3.457937246402189,3.062438808135739,3.4736571897643236,2.811209312678019,2.898595416456934,,,,,,0.8701906683617366,0.7247660163135272,0.8705062941991581,1.0159570157022735,1.5268287142393477
2004:01,1.7,2.1,1.95,2.2,2.2,1.8674316861888718,1.7940398221905125,1.6785265229826818,3.1769330076415105,2.8594957860242634,0.8701906683617366,2.3468015439229717,0.5837270168443043,3.8772564035504775,2.386173995147245,1.8674316861888718,1.7529629345962898,1.6828449932135774,3.309208406648143,2.5096749822643205,,,,,,3.5825005342196237,3.5825005342196237,3.879138971337537,3.6545961969283836,3.4281577182199374
2004:02,2.9,1.5,2.0,1.9,2.3,3.201687555081589,2.364120922797033,2.590770997852669,1.9630271067387124,2.8441322194951697,3.5825005342196237,0.8701906683617366,2.3468015439229717,0.5837270168443043,3.8772564035504775,3.201687555081589,2.2413367662727053,2.595383114114381,2.0545088859432177,2.7386751529848117,,,,,,4.730335593446888,4.730335593446888,4.431266469685191,4.062609988818955,3.1795179098389914
2004:03,3.0,2.2,1.5,2.2,2.05,3.6432887308091413,3.0277962018515465,2.6115036450800844,3.2146268905630486,2.963678219820287,4.730335593446888,3.5825005342196237,0.8701906683617366,2.3468015439229717,0.5837270168443043,3.6432887308091413,3.1214739133411955,1.7957473654764597,2.766363309352984,2.386473239535591,,,,,,1.8508140635363102,1.8508140635363102,1.6359578899583171,2.1397245549307,2.5754361040067897
2004:04,2.55,2.3,2.0,1.71,2.2,2.3993472037519328,3.181808602394956,2.9483918632793182,2.734715921033736,2.370613417863135,1.8508140635363102,4.730335593446888,3.5825005342196237,0.8701906683617366,2.3468015439229717,2.3993472037519328,3.3871936327597547,3.1542000090020945,2.289775905839852,2.7969820815992605,,,,,,3.4209326400047813,3.5672576441574178,3.4937450512599444,3.565350048831384,4.364691944797117
2005:01,2.15,2.3,2.3,2.1275,1.8,3.0769431900936963,2.6392559552118557,2.985898089020757,2.9121333094928508,2.7960834442203746,3.4209326400047813,1.8508140635363102,4.730335593446888,3.5825005342196237,0.8701906683617366,3.0769431900936963,2.546221395055586,3.570562546878219,3.039488478934531,2.407766641078487,,,,,,2.3942602300792926,2.3942602300792926,2.464890137656539,2.1092612495896335,2.0355581765324704
2005:02,3.3,2.2,2.2,2.3,2.2,2.591185729418633,2.9305971506333206,2.7441834514875305,2.9027288973538634,2.895576497279243,2.3942602300792926,3.4209326400047813,1.8508140635363102,4.730335593446888,3.5825005342196237,2.591185729418633,2.985137869511308,2.409627177970705,3.205529519593755,3.004935607562762,,,,,,4.156941513713375,4.156941513713375,3.7270753722866257,3.8717719227864267,2.730696439837388
2005:03,2.811,2.3,2.2,2.244,2.3,3.283603913464056,2.6638977581392473,2.868336045616077,2.7900749806947136,2.8674213769794337,4.156941513713375,2.3942602300792926,3.4209326400047813,1.8508140635363102,4.730335593446888,3.283603913464056,2.632650620082443,3.0414544124056073,2.6121996761780553,3.2305433507700263,,,,,,5.108792256119643,5.108792256119643,5.541107238711707,6.342796986578825,6.197561176578015
2005:04,3.9,2.449,2.4,2.3,2.308,3.5529947871417855,2.954618693274056,2.6907456734087516,2.84184783170703,2.8101462921023597,5.108792256119643,4.156941513713375,2.3942602300792926,3.4209326400047813,1.8508140635363102,3.5529947871417855,3.10697232668819,2.615806632194376,2.9200295398953635,2.571756828157035,,,,,,3.2263786621055557,3.2252717335440106,3.433754922376142,3.9912541080774355,3.7825786704225983
2006:01,2.0,2.429,2.4,2.4,2.3,2.7624384736556795,3.003447923619012,2.8306903578026814,2.7006588963926417,2.8305787500565023,3.2263786621055557,5.108792256119643,4.156941513713375,2.3942602300792926,3.4209326400047813,2.7624384736556795,2.993518977539004,3.1078383834601477,2.6908929037305676,2.9267629974345475,,,,,,2.2385294569036374,2.2385294569036374,1.896002776261163,1.7573084267799688,2.099310502769125
2006:02,3.4,2.5,2.343,2.5,2.4,2.5420292689316697,2.6674315815018153,2.809334125885346,2.784006703370316,2.7043192174619635,2.2385294569036374,3.2263786621055557,5.108792256119643,4.156941513713375,2.3942602300792926,2.5420292689316697,2.6910261666461057,3.2622311395590144,2.8973524018583947,2.6676795532926167,,,,,,4.97393173020364,4.97393173020364,5.045049098545529,3.7281001040471162,3.658780517390259
2006:03,3.6,2.5518,2.5,2.4,2.4,3.2415172808598363,2.61807077887664,2.6479758202173813,2.7407682419331665,2.766421027077069,4.97393173020364,2.2385294569036374,3.2263786621055557,5.108792256119643,4.156941513713375,3.2415172808598363,2.60581268140458,2.702947812256308,2.887431224097965,2.9536080911677685,,,,,,2.939998105536068,2.939998105536068,3.898050467959213,3.898050467959213,3.829892667566437
2006:04,-0.3,2.7705,2.4406,2.418,2.4,2.7453932517375366,2.831381020041878,2.637122887001758,2.6439916182444985,2.7165490442407174,2.939998105536068,4.97393173020364,2.2385294569036374,3.2263786621055557,5.108792256119643,2.7453932517375366,2.8289495988129474,2.59807530108081,2.6707689590865895,2.8689229783196333,,,,,,-2.212375811560463,-2.0829229559713447,-1.500666652203686,-1.046597701251506,-1.6306221866972725
2007:01,2.4178,2.8,2.7,2.3038,2.3,1.5819479701944497,2.7009097854897437,2.7342843048179595,2.641896369594014,2.6431757228843193,-2.212375811560463,2.939998105536068,4.97393173020364,2.2385294569036374,3.2263786621055557,1.5819479701944497,3.217369785362087,3.153956313812472,2.6456625403429497,2.67761592212125,,,,,,3.815994392999822,3.815994392999822,3.67751528215432,3.8597435627561127,3.979629912025584
2007:02,4.2,2.6,2.6493,2.55,2.25,3.581076533162481,2.366711966172083,2.6907415973341333,2.7112973782573273,2.6430923598702045,3.815994392999822,-2.212375811560463,2.939998105536068,4.97393173020364,2.2385294569036374,3.581076533162481,3.1226626450516637,2.7554200643922333,2.7633062536918422,2.801172786571998,,,,,,5.987440044604653,5.987440044604653,4.573072866875028,4.203751039774906,4.607758718864008
2007:03,2.5786,2.5,2.5253,2.5262,2.4929,1.0313621592789732,0.9209423686529342,2.5290213959429773,2.6884173168971737,2.7058553940307206,5.987440044604653,3.815994392999822,-2.212375811560463,2.939998105536068,4.97393173020364,1.0313621592789732,0.8886599349816248,1.2937882212225778,2.693743127829043,2.7816694265382558,,,,,,1.872726131188629,2.7841449572822308,2.7841449572822308,2.354171657558113,2.556193794389605
2007:04,3.0,1.9572,2.3099,2.4,2.4967,2.017505251911512,1.893738823902375,2.6794539626535308,2.5625911712226572,2.6878860246485488,1.872726131188629,5.987440044604653,3.815994392999822,-2.212375811560463,2.939998105536068,2.017505251911512,2.1893622709978326,2.9634476287365024,2.88171016412556,2.6957747919756967,,,,,,5.02762685522371,5.02762685522371,5.765977585331861,4.844633891121908,4.997586685438704
2008:01,3.485,2.9,2.3123,2.4267,2.3,3.3770133068876333,3.8919724078051052,4.2561270833310765,3.1891080217965557,2.5695342663584047,5.02762685522371,1.872726131188629,5.987440044604653,3.815994392999822,-2.212375811560463,3.3770133068876333,3.8542271129379446,3.731909000620658,2.5213090911243135,3.403752981957617,,,,,,4.3257713908997575,4.3257713908997575,4.4951123047824115,4.656786421518233,4.403661845941853
2008:02,3.5,2.4151,2.4179,2.35,2.5,2.363340071522876,2.676701585863648,2.775197808162423,2.488646198240689,2.0766692468376924,4.3257713908997575,5.02762685522371,1.872726131188629,5.987440044604653,3.815994392999822,2.363340071522876,2.6356659270418223,2.4387895486352833,2.676928809464361,2.3954919982228926,,,,,,5.0361101475011605,5.0361101475011605,4.4885023641234145,5.237742727860817,5.30617912259177
2008:03,5.3,3.2,2.5,2.25,2.295,3.7549487027778694,2.9122381805406814,3.3321916281708233,2.1228790738684027,1.8738856170302203,5.0361101475011605,4.3257713908997575,5.02762685522371,1.872726131188629,5.987440044604653,3.7549487027778694,3.3579582373140875,3.3416726457459105,1.710895928220381,1.8851702185110975,,,,,,6.721224493375755,6.721224493375755,6.197790820207794,6.400598179155859,6.311637801558101
2008:04,-2.6,2.8934,2.4625,2.2127,2.2033,4.260487914622646,3.3968563359018953,2.7900069335070348,2.9273830256147253,2.9493245323240136,6.721224493375755,5.0361101475011605,4.3257713908997575,5.02762685522371,1.872726131188629,4.260487914622646,3.2890539416808906,3.197148378277751,2.3212464555250105,2.840403345915823,,,,,,-9.174391977230867,-8.344309139119455,-9.187138135631457,-9.114648398340975,-8.850840086056234
2009:01,-2.7198,0.8022,2.6,2.6,2.4,5.022559277870817,4.179098327807647,3.5563181077221744,1.8056985495921247,2.676970861757119,-9.174391977230867,6.721224493375755,5.0361101475011605,4.3257713908997575,5.02762685522371,5.022559277870817,3.9986677987416703,3.455393767898566,1.8679330102565452,2.1389086227778873,,,,,,-2.368462318200293,-2.368462318200293,-2.2365134565936917,-2.4136736360548805,-2.7232185497519157
2009:02,0.7,0.8175,1.8,2.3,2.4,2.5601839002177518,2.1496211995967105,4.684802810619878,3.1781969631252496,2.3402467677718035,-2.368462318200293,-9.174391977230867,6.721224493375755,5.0361101475011605,4.3257713908997575,2.5601839002177518,4.501025243159763,4.391519514231488,2.1872216833783624,2.2417715552401263,,,,,,1.3303143033299047,1.3303143033299047,1.8569316073370867,1.9279478458011035,2.144054584809485
2009:03,2.4,1.6,1.6566,2.2,2.3,-1.6805569231750122,-1.3018831969983156,2.7309976552375876,3.833244258935525,3.0256350862166785,1.3303143033299047,-2.368462318200293,-9.174391977230867,6.721224493375755,5.0361101475011605,-1.6805569231750122,-0.8489464810917768,-1.4698439568179151,2.549212135683966,2.166405752318994,,,,,,3.5987890095525055,3.5987890095525055,3.70624208762258,3.5835709778099023,3.486245265425447
2009:04,2.0538,1.6,1.4782,1.8,2.2282,8.822966098758538,7.711326307574881,7.502909739630632,2.613348553877005,3.676665768582134,3.5987890095525055,1.3303143033299047,-2.368462318200293,-9.174391977230867,6.721224493375755,8.822966098758538,8.435693951752706,8.140988718947463,6.6737592723053965,2.237808729643762,,,,,,3.443375043934105,2.61811955329021,2.6894237096871887,3.024637467866831,3.1687048369111848
2010:01,2.1,1.5072,1.7091,1.75,1.95,2.675325545669244,6.270489166520905,6.856142203909528,7.077022423868194,2.6371563825509314,3.443375043934105,3.5987890095525055,1.3303143033299047,-2.368462318200293,-9.174391977230867,2.675325545669244,5.065945036846328,5.3295952944285006,5.405745828448698,4.489314916824749,,,,,,1.5257799904821345,1.5257799904821345,1.280080588937893,0.8550615360881642,0.6355227245967265
2010:02,1.4305,1.4,1.45,1.9,2.0,2.3658266072361624,2.5534274805851758,3.1395710516078092,3.0890654235625687,2.066135115098268,1.5257799904821345,3.443375043934105,3.5987890095525055,1.3303143033299047,-2.368462318200293,2.3658266072361624,2.471697028310616,3.1567709451614556,3.30683813832295,3.769685843657059,,,,,,-0.7179165986437974,-0.7179165986437974,-0.5022452750997441,-0.3337803798801886,-0.1410032778666359
2010:03,1.4,1.8,1.8,1.775,2.0,1.9760816302724333,2.4768019197423494,2.5340808911989336,1.495069876375791,6.028167261760704,-0.7179165986437973,1.5257799904821345,3.443375043934105,3.5987890095525055,1.3303143033299047,1.9760816302724333,2.6221145558338486,2.25046541298584,2.12712838325064,2.865746269855678,,,,,,1.473087590444755,1.4226638311287676,1.4277335204017305,1.4277335204017305,1.1777530541084325
2010:04,1.8778,1.6,1.8,1.9042,1.8,2.279192606494917,2.3565941964737287,2.4914624394566403,2.53101037059123,-1.0216589308341733,1.473087590444755,-0.7179165986437972,1.5257799904821345,3.443375043934105,3.5987890095525055,2.279192606494917,2.8398946419922106,2.540922388462521,2.2952857208888444,2.3024395577568058,,,,,,2.6430729524696828,2.6430729524696828,2.9679146619962626,3.034408488161211,3.2784480894508805
2011:01,2.5,1.601,1.7514,1.91,2.05,2.4624684828215146,2.3985519191364024,2.4103395224665163,2.493399184066223,2.5305230445507525,2.6430729524696828,1.473087590444755,-0.7179165986437971,1.5257799904821345,3.443375043934105,2.4624684828215146,2.5461466525756467,2.626112247115123,2.6169677245417553,2.4056623895814,,,,,,5.218218490978477,5.218218490978477,4.544905589790527,4.40898591017842,4.337695616584547
2011:02,3.5,1.3,1.2859,1.6,2.0,2.893587364905792,2.4346105836254917,2.4162253552651776,2.4179307568241826,2.4936550399127992,5.218218490978477,2.6430729524696828,1.473087590444755,-0.717916598643797,1.5257799904821345,2.893587364905792,2.401110535874712,2.484990358367531,2.7910218315219746,2.537890208326308,,,,,,4.09178844803566,4.09178844803566,4.4330562554659725,4.65203864181809,4.626211999723795
2011:03,1.4704,2.2,1.8,1.75,1.9328,2.735044371942261,2.528223445372775,2.430313555156996,2.418842246546515,2.419002977301192,4.09178844803566,5.218218490978477,2.6430729524696828,1.473087590444755,-0.7179165986437969,2.735044371942261,2.0773269236775014,2.419303021019045,2.5396530743898054,2.36625133422355,,,,,,3.06759558179599,3.093905884457504,3.093905884457504,2.6443626583928292,2.633885731750518
2011:04,2.04,2.0,2.0,1.8,1.8,2.5786440966526154,2.5113623433920815,2.470798939523517,2.4296507466110553,2.419229727505421,3.06759558179599,4.09178844803566,5.218218490978477,2.6430729524696828,1.473087590444755,2.5786440966526154,2.2438455761355796,2.206612947972956,2.414293021917122,2.3983653249714325,,,,,,1.3030089580533533,1.3030089580533533,1.4104238270999048,1.5502598671482293,1.8077377047624132
2012:01,2.0,2.0008,2.0,2.25,2.0,2.2358745791030805,2.4966571020578776,2.4744846073636406,2.4617734892922893,2.429548509641533,1.3030089580533533,3.06759558179599,4.09178844803566,5.218218490978477,2.6430729524696828,2.2358745791030805,2.401521856704342,2.3097550274071086,2.105245282595378,2.4327046293945616,,,,,,2.4814500628660863,2.4814500628660863,2.3072111602567835,2.099175006618559,2.2717886978449897
2012:02,2.1,2.0,1.9,2.05,2.0717,2.447862432945673,2.3983104881827395,2.4829095882719106,2.468404693731785,2.4603549528909454,2.481450062866086,1.3030089580533533,3.06759558179599,4.09178844803566,5.218218490978477,2.447862432945673,2.6009108829952416,2.4183592840379124,2.225774088313171,2.5580949694969988,,,,,,0.7530265825283156,0.7530265825283156,1.0055099866141948,1.3844130509737207,0.8470842815823332
2012:03,1.5,2.26,2.1,2.0,2.0,2.144839032155529,2.442025460516623,2.4265947597467883,2.4806044161378478,2.467402317942167,0.7530265825283156,2.4814500628660854,1.3030089580533533,3.06759558179599,4.09178844803566,2.144839032155529,2.44014978185403,2.5502374317545082,2.3832284798133845,2.51227882279863,,,,,,2.3025114274546565,2.3025114274546565,1.7136430754864485,1.7136430754864485,1.8181472852568437
2012:04,2.2896,2.0046,2.1,2.1,1.9761,2.419411687374512,2.3865255428670453,2.44101109161896,2.4315197792356535,2.480217886715118,2.3025114274546565,0.7530265825283156,2.481450062866085,1.3030089580533533,3.06759558179599,2.419411687374512,2.650687253404668,2.439108133687638,2.6191466110404633,2.492370848486163,,,,,,2.053176660469247,2.1867014876586044,2.412889205126012,2.641196864768336,2.686457259357078
2013:01,1.8,2.1,2.1,2.2,2.1,2.3737471941562664,2.4395155913977833,2.4284941065737096,2.440834811145983,2.4323773518590377,2.053176660469247,2.3025114274546565,0.7530265825283156,2.4814500628660845,1.3030089580533533,2.3737471941562664,2.460123809620493,2.6084720815853566,2.4355872467062136,2.3932457166371797,,,,,,1.4356787504863355,1.4356787504863355,1.1892293312012914,1.380943808623769,1.6175390161127678
2013:02,1.6,2.1,2.2086,2.1,2.1724,2.2699859141304897,2.4288425904356736,2.442972957166294,2.435781895761509,2.440804176526542,1.4356787504863355,2.053176660469247,2.3025114274546565,0.7530265825283156,2.481450062866084,2.2699859141304897,2.4888042214866193,2.4560431936098475,2.713089728747806,2.4427678159736472,,,,,,-0.027571153516681157,-0.027571153516681157,0.40060328231330544,-0.1417783055817301,-0.4372220075372857
2013:03,2.0,2.0,2.1,2.2,2.2348,1.9737034563427782,2.4204113607773237,2.4383116537842984,2.4435675371067584,2.437047411341623,-0.027571153516681157,1.4356787504863355,2.053176660469247,2.3025114274546565,0.7530265825283156,1.9737034563427782,2.5822401381460875,2.4782326262532313,2.4708556904363683,2.377162482793593,,,,,,2.628570522309226,2.1628958373694385,2.1628958373694385,2.271756069521924,2.1809875434386727
2013:04,1.6462,1.7,2.0,2.1,2.2637,2.473622476828334,2.341084159994597,2.447533044474805,2.439939070351838,2.4436697898995705,2.628570522309226,-0.027571153516681157,1.4356787504863355,2.053176660469247,2.3025114274546565,2.473622476828334,2.7476963779018995,2.550063206742793,2.502080507907986,2.4368613603734275,,,,,,1.1361168107955733,1.1361168107955733,1.4197331909667987,1.8513762893701102,1.4872923429276153
2014:01,1.7,1.8,1.751,2.0,2.1,2.1824675754966227,2.4460899744915734,2.4085254700231014,2.452423079658235,2.440218769049248,1.1361168107955733,2.628570522309226,-0.027571153516681157,1.4356787504863355,2.053176660469247,2.1824675754966227,2.414616192053218,2.668591735462731,2.6148590627668002,2.4258252081963687,,,,,,1.911591824957215,1.911591824957215,2.0860362035976854,2.3526751312644034,2.5145143058982855
2014:02,1.8787,1.6554,1.9953,1.9,2.1657,2.335349030151438,2.375460704044975,2.441197762508059,2.4209058978821307,2.4533047522107916,1.911591824957215,1.1361168107955733,2.628570522309226,-0.027571153516681157,1.4356787504863355,2.335349030151438,2.5910023096590526,2.419812057916108,2.816480557495208,2.4037161726416576,,,,,,3.030983283069699,3.030983283069699,2.436884457442834,1.9147101638148367,2.1412981418393207
2014:03,2.2,1.9233,1.9345,2.0008,2.1,2.540876931957461,2.4133628120638617,2.411057130141651,2.440328472176258,2.423178614617732,3.030983283069699,1.911591824957215,1.1361168107955733,2.628570522309226,-0.027571153516681157,2.540876931957461,2.4978559668969904,2.540141942032306,2.4084784708180127,2.3092268405176077,,,,,,1.0958492335317649,1.0958492335317649,1.1834784677500654,1.0367631003855182,1.0272698233732225
2014:04,1.04,2.0361,1.9,1.9628,2.14,2.155393377005462,2.450028271231001,2.4277251641222524,2.417622677632315,2.440174009188246,1.0958492335317649,3.030983283069699,1.911591824957215,1.1361168107955733,2.628570522309226,2.155393377005462,2.348959274235558,2.4758422996795124,2.6323506946151563,2.4467572647415894,,,,,,-1.1991087490891505,-0.8543546416556413,-0.3120236242676655,-0.7013546345446264,-0.9900775440329301
2015:01,-1.3846,1.8,2.1,2.01,2.0,1.748004043876965,2.347773346432631,2.433188091263814,2.4303692758624154,2.418833653524532,-1.1991087490891505,1.0958492335317649,3.030983283069699,1.911591824957215,1.1361168107955733,1.748004043876965,2.5684169123445484,2.376205901378072,2.5176786115093246,2.351926393641271,,,,,,-3.0586221566305416,-3.0586221566305416,-2.8634013364184696,-2.5207089610711497,-2.5640942058119287
2015:02,1.9,1.62,1.9,2.16,2.0,0.9294590496002051,2.8251274732414235,2.3827035122636286,2.4300665079728825,2.430856057335676,-3.0586221566305416,-1.1991087490891505,1.0958492335317649,3.030983283069699,1.911591824957215,0.9294590496002051,2.82301478492281,2.5062813470441614,2.3307166329942914,2.4011884325996564,,,,,,2.978262071584359,2.978262071584359,2.439351480788843,2.353475615548728,2.755824485788616
2015:03,2.0,1.95,1.9,1.965,2.1,2.3649537445895943,1.8789295061904132,2.54599962595773,2.389045734318316,2.429487875068649,2.978262071584359,-3.0586221566305416,-1.1991087490891505,1.0958492335317649,3.030983283069699,2.3649537445895943,2.827005307046166,2.596966627852825,2.6157801570068036,2.4607447684548944,,,,,,1.5833183106326087,1.5833183106326087,1.4962661988325632,1.5362041043044838,1.519384561490833
2015:04,0.886,1.7993,1.9,1.9558,2.0,2.0499807736088758,2.2402328917389434,2.104976595334229,2.291192061834817,2.3901972828333036,1.5833183106326085,2.978262071584359,-3.0586221566305416,-1.1991087490891505,1.0958492335317649,2.0499807736088758,2.1322068872640574,2.6648623453995723,2.8565440581030095,2.311320688785735,,,,,,0.2266510543175393,0.7686245127321856,0.3577650692370593,0.1200345384983148,-0.030267107004611216
2016:01,0.4,1.8022,2.0,1.9425,2.1,1.7416730931509579,2.142332485266556,2.214869969940677,2.1587932108547325,2.2829305977302377,0.2266510543175393,1.5833183106326083,2.978262071584359,-3.0586221566305416,-1.1991087490891505,1.7416730931509579,2.2419500821235414,2.1583262715493854,2.9470639000236005,2.0791561337576954,,,,,,-0.3121112832365269,-0.3121112832365269,0.11268559947770207,-0.0666814668884963,-0.24811816516856489
2016:02,1.9,1.6,2.1375,2.1568,2.1,1.554504513101459,2.043489804059216,2.16060873271039,2.209712229374909,2.1716057098656756,-0.3121112832365269,0.2266510543175393,1.583318310632608,2.978262071584359,-3.0586221566305416,1.554504513101459,2.3571305595532253,2.23448997060457,2.134069799648636,1.728766666632855,,,,,,2.541901548961034,2.526483163265336,2.3282043978852363,2.7249313184145363,3.237718142367574
2016:03,2.0,2.0029,2.1152,2.064,2.213,2.152462788608992,1.9421434227414198,2.103616537960475,2.164225571149361,2.208663364107912,2.541901548961034,-0.3121112832365269,0.2266510543175393,1.5833183106326079,2.978262071584359,2.152462788608992,2.3225728633200804,2.2262949025062313,2.283960656655249,2.2584888872097673,,,,,,1.6322865749415216,1.7836764529735483,1.8434555051805912,1.875368130909827,1.708739561739292
2016:04,2.2069,2.2,2.1,2.1,2.1706,1.9801339047922755,2.075139051555378,2.0226441474013375,2.1155947485729802,2.1649413373554065,1.6322865749415216,2.541901548961034,-0.3121112832365269,0.2266510543175393,1.5833183106326076,1.9801339047922755,2.0127861828243456,2.2122377470319607,2.3678097163565326,2.100035307243398,,,,,,3.0403292148365457,3.0403292148365457,2.73702123169417,2.623923398636885,2.563409554101237
2017:01,2.4901,2.1765,2.2,2.01,2.1254,2.3188800703794072,2.049847956060868,2.0597862902983017,2.039361681450721,2.1179810004141855,3.040329214836545,1.6322865749415216,2.541901548961034,-0.3121112832365269,0.2266510543175393,2.3188800703794072,2.1079944664743864,2.0329769897472483,2.2801415189586702,1.9264539758264778,,,,,,3.1474720358644737,3.1474720358644737,2.9584978475893697,2.7803822119753185,2.844817180664516
2017:02,1.56,2.2884,2.2,2.2103,2.1166,2.3599835795717605,2.173265225362967,2.0638197434722163,2.056737973090698,2.0428334010640907,3.1474720358644737,3.040329214836544,1.6322865749415216,2.541901548961034,-0.3121112832365269,2.3599835795717605,2.0265024022965967,2.095486445092692,2.027534587113714,1.7810588596292058,,,,,,-0.3120462855469075,-0.3120462855469075,0.10005842794449382,0.3860721863453431,0.46230665880599986
2017:03,1.6473,2.2,2.3,2.22,2.3,1.61048295078669,2.2013145592600876,2.1438748196052377,2.0666199084305807,2.0561327244554475,-0.3120462855469075,3.1474720358644737,3.040329214836543,1.6322865749415216,2.541901548961034,1.61048295078669,2.044486494859214,2.0712598422158774,2.109899120546561,2.085517363945148,,,,,,2.013957028142488,2.125944665241475,2.1532140371024022,2.1555294208702946,1.9259296309609208
2017:04,2.3,2.3183,2.3,2.45,2.2149,2.0767961962943837,1.9884548154852395,2.169344747124444,2.137942759927487,2.0671811053313927,2.013957028142488,-0.3120462855469075,3.1474720358644737,3.040329214836542,1.6322865749415216,2.0767961962943837,2.3425200893695792,2.099223990717603,2.04113596552804,2.0134069207463807,,,,,,3.309258644908475,3.309258644908475,3.1418890806678146,3.1186525143438226,3.220296641445497
2018:01,2.7,2.07,2.2,2.4,2.4,2.345542199596071,2.0889938808634865,2.0627645985583687,2.1629032320386337,2.1367454531495382,3.3092586449084744,2.013957028142488,-0.3120462855469075,3.1474720358644737,3.0403292148365413,2.345542199596071,2.1067300674104374,2.2018381564540777,2.055771671682236,2.2157019584413224,,,,,,3.507659483441028,3.507659483441028,3.23663918048005,3.2496518814687514,3.4134093951744493
2018:02,1.906,2.02,2.0182,2.1234,2.2,2.224927903170357,2.1600291241841036,2.0913615682982996,2.0773740030567156,2.16160534775878,3.507659483441028,3.309258644908474,2.013957028142488,-0.3120462855469075,3.1474720358644737,2.224927903170357,1.9750701440213763,2.097460834456687,2.3194299113878083,2.2583026737815617,,,,,,1.6559922147522999,1.6559922147522999,2.148827246813112,2.1946309627178806,2.195489598952638
2018:03,2.3,2.2012,2.3,2.175,2.1795,1.8085063722946604,1.9051510999496672,2.124318307671421,2.0918211591130325,2.0802462318665653,1.6559922147522999,3.507659483441028,3.3092586449084735,2.013957028142488,-0.3120462855469075,1.8085063722946604,1.9408895538945181,2.0646161096557565,2.0975570478436043,1.8307144171585106,,,,,,1.9955849459563524,2.01036187396455,2.0777886462317596,1.6317720959637683,1.6170823201889561
2018:04,2.3363,2.3,2.29,2.227,2.0998,2.162385320817259,2.141261777459506,2.0342903608705316,2.117444062213679,2.091910370093283,1.9955849459563522,1.6559922147522999,3.507659483441028,3.309258644908473,2.013957028142488,2.162385320817259,2.1906921419390755,2.0226536279624403,2.0124984142874744,2.087904937935922,,,,,,1.4859332182080243,1.4859332182080243,1.3000140635868185,1.572083118004164,1.6384538579996777
2019:01,1.1,2.4134,2.3756,2.3,2.3,1.9763967109048761,2.1467784842670463,2.1977243797383315,2.1134862603694904,2.116120786656636,1.4859332182080243,1.995584945956352,1.6559922147522999,3.507659483441028,3.3092586449084727,1.9763967109048761,2.1349370912766954,2.163671274754045,1.998910811106298,2.245977406296624,,,,,,0.8769561911148527,0.8769561911148527,0.918072423911509,0.7103917544370342,1.07217055267681
2019:02,2.4061,2.3,2.3,2.0605,2.2477,1.8597982033187357,2.2074482432292126,2.1135766500064324,2.1582966120292313,2.1110627620469353,0.8769561911148527,1.4859332182080243,1.9955849459563517,1.6559922147522999,3.507659483441028,1.8597982033187357,2.2076712440229493,2.1289002026949024,2.1672305061568045,2.277535197807019,,,,,,2.917963056264994,2.917963056264994,3.02708462684107,3.5012793344673776,2.971414022993324
2019:03,1.88,2.1239,2.3073,2.35,2.3,2.5440130290132603,2.24968708224291,2.178136681194567,2.107608203465614,2.139703312221976,2.917963056264994,0.8769561911148527,1.4859332182080243,1.9955849459563515,1.6559922147522999,2.5440130290132603,2.2441270330003205,2.1578292632398144,2.128764843336556,2.0807365641162936,,,,,,1.789210516197537,1.8212940043463632,1.2879578390583735,1.4841988539314732,1.3260479463592212
2019:04,1.8,2.088,2.1,2.2,2.4,1.8287194486554177,2.050423045508427,2.1682015864089714,2.1269170907478654,2.1118411123347895,1.789210516197537,2.917963056264994,0.8769561911148527,1.4859332182080243,1.9955849459563513,1.8287194486554177,1.9755403039549402,2.1382963360547933,2.1657481636648668,2.110546426339159,,,,,,2.373584652403893,2.373584652403893,2.6298446641072726,2.458221060273935,2.839173621641944
2020:01,2.0,2.2,2.0053,2.1183,2.2532,2.1649834033434896,2.054235427585851,1.9887645942554386,2.0704170030435485,2.118538330044779,2.373584652403893,1.789210516197537,2.917963056264994,0.8769561911148527,1.4859332182080243,2.1649834033434896,2.1030683024856156,2.040253479228598,2.177790255394251,2.0539478764737664,,,,,,1.2082854354611428,1.2082854354611428,0.9970112297843059,1.2983046281263677,1.4497856832063283
2020:02,-2.5789,2.0,2.1,2.0,2.0,1.738887456158071,2.0012491287550125,2.1068549858280603,2.0669795659410832,2.0590278959925628,1.2082854354611428,2.373584652403893,1.789210516197537,2.917963056264994,0.8769561911148527,1.738887456158071,1.9926089041372332,2.080370214543137,2.0231077399612816,1.9459237598964823,,,,,,-3.529908086200617,-3.529908086200617,-3.101368341119237,-3.3590263212066485,-3.8466255100009117
2020:03,2.3365,1.5,2.2,2.1538,2.0541,0.5131563294273707,2.108470513955151,1.998918472798803,2.0779372880581124,2.099997384458444,-3.529908086200617,1.2082854354611428,2.373584652403893,1.789210516197537,2.917963056264994,0.5131563294273707,2.136505146049787,2.016835189923685,2.089164052705741,2.166414972401585,,,,,,5.158239775049922,4.679807302106753,4.793857392329293,4.641807860305369,4.651388226000752
2020:04,2.0082,1.6118,1.937,2.2331,2.1,3.690581450582057,2.6741874393924685,2.103417775665403,2.0304790443084464,2.060203264088636,5.158239775049921,-3.529908086200617,1.2082854354611428,2.373584652403893,1.789210516197537,3.690581450582057,2.7493119908504204,2.0697100505663832,2.0155583085226527,2.0245146221956136,,,,,,2.4297535196298625,2.4297535196298625,2.2408297443123892,2.814818922970219,2.9169359393762084
2021:01,2.4962,2.0,1.7679,2.0,2.2,1.4590758442914904,1.6087614806415336,2.42558392318069,2.029796713135755,2.0392882196650577,2.4297535196298625,5.15823977504992,-3.529908086200617,1.2082854354611428,2.373584652403893,1.4590758442914904,1.4013241698654424,2.2222540777949655,2.0777535601560517,2.0596210378486806,,,,,,3.7483575303608685,3.7483575303608685,4.118668692727145,4.1849980622265415,4.034753542206282
2021:02,3.2,2.1321,2.0,1.6,2.0,2.181971504605349,1.700196233280779,1.4923345726147412,1.8935889010275235,2.0111225102508397,3.7483575303608685,2.4297535196298625,5.158239775049919,-3.529908086200617,1.2082854354611428,2.181971504605349,1.7924428224799542,1.6363881566170424,2.3952485665887666,1.9188822264077017,,,,,,8.44496603319489,8.44496603319489,8.187128415393019,7.51912787927429,7.632155329330681
2021:03,5.1999,2.5667,2.0864,2.1,2.1,3.0211220765496405,1.9458859194876796,1.9217896490828674,1.897119407862514,1.795392767399629,8.44496603319489,3.7483575303608685,2.4297535196298625,5.1582397750499185,-3.529908086200617,3.0211220765496405,1.6255661107576789,1.8386339726727066,1.6043533566677333,1.20388021398185,,,,,,6.632874591141724,6.71585060168447,6.606402942995371,6.507419082104349,6.569915574344276
2021:04,4.6,2.6299,2.3639,2.2,2.1682,3.1251681881100284,1.0329199435100143,1.9103031176853789,1.9168995091863457,2.0023963818251236,6.632874591141723,8.44496603319489,3.7483575303608685,2.4297535196298625,5.158239775049918,3.1251681881100284,0.6288993648882865,1.7131656367653483,2.198204611150948,2.27267990912491,,,,,,7.912189757006627,7.912189757006627,8.806770220218985,8.761402686075215,8.82814697975971
2022:01,5.5,3.0012,2.175,2.3,2.2,4.006218114517716,2.2964234093210916,1.5895075461825603,1.9049400804483922,1.8752488937102414,7.912189757006627,6.632874591141722,8.44496603319489,3.7483575303608685,2.4297535196298625,4.006218114517716,1.446869114104413,1.350450292316172,1.6991175450153908,1.914238145260714,,,,,,9.200910435451238,9.200910435451238,9.17966322724968,9.117206215799879,9.084737523447517
2022:02,7.1,3.8363,2.6289,2.309,2.2477,5.132086920892238,2.7978719102636225,2.10062084506534,2.0644919446948666,1.9041317638755404,9.200910435451238,7.912189757006627,6.6328745911417215,8.44496603319489,3.7483575303608685,5.132086920892238,2.2421285859589704,0.5346555418956047,0.6224790590101905,2.104467242194635,,,,,,10.530912355124954,10.530912355124954,9.656807495592968,10.018294954832063,9.90602737110411
2022:03,6.6812,4.5309,2.7491,2.4633,2.4266,8.5304777463916,3.4735430107157432,2.4240595319420812,2.0543597461717185,2.0644927434894638,10.530912355124954,9.200910435451238,7.912189757006627,6.632874591141721,8.44496603319489,8.5304777463916,2.874358946038448,1.9259017859592467,1.0794472162415942,2.613102015849613,,,,,,5.685593563510394,5.545006046902579,5.317227016850268,5.395272597765577,5.395272597765577
2022:04,5.4,4.3395,3.7338,2.7245,2.3663,4.001754514220639,7.1658860711171695,2.7974832376288092,2.3084174306184257,2.0434299134650837,5.685593563510394,10.530912355124954,9.200910435451238,7.912189757006627,6.63287459114172,4.001754514220639,5.878324615201297,2.765560408651336,1.159818927379224,2.120933379473588,,,,,,4.164171055461474,4.164171055461474,4.0282031453376055,4.1100443439815,4.1100443439815
2023:01,3.3263,4.4735,3.5572,3.1142,2.5,3.233873677559746,3.1998457000825193,6.939944561760411,2.521906079868953,2.2726425436053272,4.164171055461474,5.685593563510394,10.530912355124954,9.200910435451238,7.912189757006627,3.233873677559746,3.251858662529924,4.809096564555597,1.376290636821132,2.877788801069943,,,,,,3.8127036228471356,3.8127036228471356,3.7536123888243456,3.6583196419552877,3.6583196419552877
2023:02,3.5,3.4075,3.4985,3.4,3.0337,3.060519919166488,2.790622195085349,2.8179459297549165,6.735510310424106,2.4095746368484035,3.8127036228471356,4.164171055461474,5.685593563510394,10.530912355124954,9.200910435451238,3.060519919166488,2.809406740004225,2.931850493211911,2.49339969974801,3.106814189726213,,,,,,2.7089747457829327,2.7089747457829327,3.0402265136866946,,2.9982436003650026
2023:03,3.068,3.2,3.05,3.1,3.0,2.49537484944626,2.703549936647951,2.5794296437756916,2.6360705942991887,6.966109105270238,2.7089747457829327,3.8127036228471356,4.164171055461474,5.685593563510394,10.530912355124954,2.49537484944626,2.7132562032154173,2.7319667121770186,2.6134315168429776,3.789422812864013,,,,,,3.5832236297485665,3.42764349417084,3.4961970986402857,,3.4961970986402857
2023:04,3.2641,2.923,2.9492,2.7741,2.936,2.8598550515355043,2.395831188223918,2.5341397675685813,2.4788043881539945,2.549454575602037,3.5832236297485665,2.7089747457829327,3.8127036228471356,4.164171055461474,5.685593563510394,2.8598550515355043,2.414506686772415,2.6376302253484356,2.5742801753871483,3.1734329489795696,,,,,,2.7260402431784847,2.7260402431784847,2.7944455703200255,,2.7944455703200255
2024:01,2.5094,2.7832,2.6146,2.7,2.6,2.7289945322175404,2.533066689338969,2.349440994878833,2.453741395736266,2.4308602632019474,2.7260402431784847,3.5832236297485665,2.7089747457829327,3.8127036228471356,4.164171055461474,2.7289945322175404,2.5496490873908964,2.3965643174684894,2.5333356663313835,2.834133694647273,,,,,,3.8060535397405726,3.8060535397405726,3.705673307389179,,3.705673307389179
2024:02,3.41,2.5,2.6159,2.5493,2.4168,3.3663214985199974,2.730626811652869,2.3854370619491543,2.327821837896175,2.4155860817523758,3.8060535397405726,2.7260402431784847,3.5832236297485665,2.7089747457829327,3.8127036228471356,3.3663214985199974,2.5972960627271577,2.4840348171205866,2.3731457861419463,2.7590114666833756,,,,,,2.8213143864468604,2.8213143864468604,,,2.7566756776821633
2024:03,2.3329,2.8,2.4,2.5,2.592,2.749578318211923,3.110493432149667,2.731528665235837,2.3187440293798125,2.31774669237643,2.8213143864468604,3.8060535397405726,2.7260402431784847,3.5832236297485665,2.7089747457829327,2.749578318211923,3.093707965337547,2.561667634790161,2.3964370658621115,2.4325612183668914,,,,,,1.2232653086847955,1.3959616445473833,,,1.3959616445473833
2024:04,2.2384,2.5,2.5,2.3547,2.4,1.7142838141923433,2.70515201048105,2.961657337874807,2.7320269499458623,2.288614842766407,1.2232653086847955,2.8213143864468604,3.8060535397405726,2.7260402431784847,3.5832236297485665,1.7142838141923433,2.7525592813640722,2.9431498065971917,2.5397531056455227,2.5224722161390982,,,,,,3.033437325087851,3.033437325087851,,,3.033437325087851
2025:01,3.0042,2.3,2.4,2.4058,2.2677,2.6507141699538224,2.0186946627998203,2.6776386985981855,2.875067217903654,2.732302258107779,3.033437325087851,1.2232653086847955,2.8213143864468604,3.8060535397405726,2.7260402431784847,2.6507141699538224,2.0943604111306495,2.741560341090472,2.8335881821268227,2.5513497844552835,,,,,,3.784590792207143,3.784590792207143,,,3.784590792207143
2025:02,3.1,2.8,2.4133,2.361,2.3225,3.3778169727513037,2.671988913012832,2.2074166024223176,2.6605996429253747,2.8246906683633775,3.784590792207143,3.033437325087851,1.2232653086847955,2.8213143864468604,3.8060535397405726,3.3778169727513037,2.5305907684662414,2.128809608884986,2.6937158157776464,2.9044048606903194,,,,,,1.6481061393997853,,,,1.6481061393997853
2025:03,3.017,3.4846,2.6844,2.2451,2.3431,2.3433010665156715,3.1256193989913448,2.630865056482119,2.324416277886587,2.650047317583475,1.6481061393997853,3.784590792207143,3.033437325087851,1.2232653086847955,2.8213143864468604,2.3433010665156715,3.137640647388739,2.7435099841111033,2.4014047096153712,2.708764181213226,,,,,,,,,,
2025:04,,3.0,3.1798,2.6859,2.2741,,2.3711078588030765,2.9692582637159832,2.6119722727073684,2.3969511622043633,,1.6481061393997853,3.784590792207143,3.033437325087851,1.2232653086847955,,2.5336554085804153,3.082001132614761,2.702004175513429,2.336089876934124,,,,,,,,,,
2026:01,,,2.6079,2.9,2.6144,,,2.4915463160589484,2.872315203320525,2.596323483818047,,,1.6481061393997853,3.784590792207143,3.033437325087851,,,2.2891252462065266,2.895864593174585,2.734854554852653,,,,,,,,,,
2026:02,,,,2.55,2.6223,,,,2.5571907293677616,2.8122110288254554,,,,1.6481061393997853,3.784590792207143,,,,2.443876829302891,2.928106624394347,,,,,,,,,,
2026:03,,,,,2.5,,,,,2.609062834010295,,,,,1.6481061393997853,,,,,2.4629259154632175,,,,,,,,,,
