avg_excess_objective_vs_best_individual,avg_hhi_mean,avg_improvement_pct_vs_best_individual,avg_lambda_mean,diag_aux_mean,diag_main_mean,horizon,linex_mean,loss_section,mae_mean,method,mse_mean,objective_mean,objective_std
0.2666254863084057,0.05790139905208602,-19.17019560944918,5.0787282288081546,nan,nan,1.0,1.1117661964832726,linex,0.6470742216513331,MWUMBothKL,0.9049405315759167,1.1117661964832726,1.360590211528564
1.0464963491910326,0.0570406725364627,-73.61292716491123,5.266760723064884,nan,nan,1.0,1.8916370593658995,linex,0.6482117690199749,MWUMConcOnlyKL,0.9134793336823218,1.8916370593658995,5.539432033607197
0.2905415848868375,0.06251475263947062,-19.66819114777031,nan,nan,nan,1.0,1.1356822950617045,linex,0.6451691106223818,MWUMVanilla,0.9012852719002009,1.1356822950617045,1.5163949816355693
0.21598638123671982,0.055555555555555566,-18.20412077986798,nan,nan,nan,1.0,1.0611270914115867,linex,0.6521611304009308,Mean,0.9088817438885141,1.0611270914115867,1.1034519144452626
0.2958763417964748,nan,-21.895467466120202,nan,nan,nan,1.0,1.1410170519713418,linex,0.6378162687016642,Median,0.8965570622146952,1.1410170519713418,1.3979195754658384
1.0131658586940016,0.144217741149406,-73.42539085011549,0.0016839617413811406,nan,nan,1.0,1.8583065688688687,linex,0.6781200276588691,OGDBoth,0.9668152601137827,1.8583065688688687,5.545157832018434
0.9741527098455689,0.058600648770034236,-73.87195319728758,5.348167343983264,nan,nan,1.0,1.8192934200204356,linex,0.6494397450495665,OGDConcOnly,0.9160150835238451,1.8192934200204356,5.5105300882032395
1.0129591485553462,0.1445824591141452,-73.41549155122178,nan,nan,nan,1.0,1.8580998587302129,linex,0.67816888859362,OGDVanilla,0.9669143388397942,1.8580998587302129,5.545109814773905
1.2722196401373047,0.19725881971285536,-100.81156701352207,1.2724529186336349,0.5652450980392156,1.8653605392156867,1.0,2.1173603503121714,linex,0.6623165404688637,RLKappaBandit,0.9887734494773355,2.1173603503121714,5.568307366223414
0.9869888458844146,0.06896380981206449,-69.39373882956889,nan,0.3652696078431372,3.1,1.0,1.8321295560592816,linex,0.6525717905945209,RLRuleBandit,0.9157562449623168,1.8321295560592816,5.1086194582219795
-1.2905307373086594,0.09567490722554194,27.104249613975902,2.315830051052166,nan,nan,4.0,5.7968977578814025,linex,1.1490090484283955,MWUMBothKL,2.6533661475878327,5.7968977578814025,8.3994228385559
-1.351055462710928,0.09614933961454133,28.18985083983561,1.0700708218703956,nan,nan,4.0,5.7363730324791335,linex,1.1352452998960494,MWUMConcOnlyKL,2.583911168723335,5.7363730324791335,8.404964948611022
2.68323368545324,0.9738873041543034,-26.305372426684347,nan,nan,nan,4.0,9.770662180643303,linex,1.333770815247863,MWUMVanilla,3.4915248624765796,9.770662180643303,12.028325841639155
27.808131602594692,0.055555555555555566,-270.3425603479302,nan,nan,nan,4.0,34.89556009778475,linex,1.271246662712298,Mean,3.177580707529592,34.89556009778475,135.30491784969314
33.495702489193306,nan,-330.4371480744254,nan,nan,nan,4.0,40.58313098438338,linex,1.2442845201626347,Median,3.1576592101051952,40.58313098438338,170.17044108630068
-1.268670933327396,0.11721036612153368,28.23888993327389,3.4031035926679336,nan,nan,4.0,5.818757561862666,linex,1.1297376584144154,OGDBoth,2.6213706281593274,5.818757561862666,8.822452327222074
-0.9649742991770822,0.06908501310823892,21.820901890913206,5.278483890699927,nan,nan,4.0,6.1224541960129795,linex,1.1843205087529385,OGDConcOnly,2.7555294031358835,6.1224541960129795,8.564621674122773
-0.7831488575746803,0.2703789389068116,27.50983257966926,nan,nan,nan,4.0,6.304279637615382,linex,1.1281663354530378,OGDVanilla,2.6543263745258585,6.304279637615382,11.477384420919122
-1.161147032824266,0.3013267221631672,26.684181992477534,1.0370037733586508,0.5943872549019608,1.530321323529412,4.0,5.926281462365798,linex,1.0641930117616656,RLKappaBandit,2.349702567049885,5.926281462365798,8.986032381597802
25.167081260044938,0.21005866771648352,-235.75526130403887,nan,0.4511764705882353,2.775,4.0,32.25450975523499,linex,1.224546793258461,RLRuleBandit,3.024339503979353,32.25450975523499,131.17703869818493
-16.923934747159326,0.11433778231145268,33.48938461302039,2.3671000121106025,nan,nan,8.0,23.34044229099419,linex,1.3268195240007743,MWUMBothKL,3.564689084671579,23.34044229099419,65.51965981323244
-16.356464546118804,0.13164237882677382,32.024472646669594,0.6449904310025819,nan,nan,8.0,23.907912492034704,linex,1.2634364783592869,MWUMConcOnlyKL,3.2566373579111585,23.907912492034704,66.7330109385056
-5.388976053079935,0.9353434725693329,-15.419361112050547,nan,nan,nan,8.0,34.875400985073576,linex,1.534171657356139,MWUMVanilla,4.720537072636622,34.875400985073576,79.10540841816284
551.383020685995,0.055555555555555566,-1902.6077823024602,nan,nan,nan,8.0,591.6473977241485,linex,1.539056846021452,Mean,4.591270720225182,591.6473977241485,2324.575774547958
676.5897587935699,nan,-606.5124737274012,nan,nan,nan,8.0,716.8541358317234,linex,1.4699428597684379,Median,4.3920069220596645,716.8541358317234,3836.272858030519
-15.67544999401899,0.18623518488179877,28.540870989170024,1.0049828241872056,nan,nan,8.0,24.588927044134522,linex,1.4035645528968927,OGDBoth,4.095658482005031,24.588927044134522,66.24854856632564
-15.487261993309653,0.08623040113434877,29.1828778223477,3.27692121327926,nan,nan,8.0,24.77711504484386,linex,1.357389828130265,OGDConcOnly,3.644512236866073,24.77711504484386,70.09781826121117
-15.534787194369391,0.2516086841264327,27.437181699436415,nan,nan,nan,8.0,24.72958984378412,linex,1.4200756556752132,OGDVanilla,4.191208511148387,24.72958984378412,66.23730796282051
-16.302479726466277,0.30482393645711037,28.752826802165828,1.4941412180167821,0.6247303921568628,2.2656301470588236,8.0,23.961897311687235,linex,1.2332141565239971,RLKappaBandit,3.1731365882769254,23.961897311687235,65.9761112537993
589403028854786.9,0.19934622446690636,-4321152503477085.5,nan,0.5219117647058823,3.875,8.0,589403028854827.1,linex,1.4325154669626674,RLRuleBandit,4.182751713706375,589403028854827.1,3680820735443012.5
-0.03334370918212071,0.06629041811735546,3.6621991602616575,0.024347954532734525,nan,nan,1.0,1.1611872445781368,mse,0.6370257711513434,MWUMBothKL,0.8903663353327527,0.8903663353327527,0.11849104209582062
-0.01976728030261323,0.056228601682227417,2.210616349415413,5.266760723064884,nan,nan,1.0,1.14461380743996,mse,0.6444857779390054,MWUMConcOnlyKL,0.90394276421226,0.90394276421226,0.12161215985499142
-0.033241239650888765,0.06705480189279286,3.6516957542178616,nan,nan,nan,1.0,1.160023480601805,mse,0.6370729811682253,MWUMVanilla,0.8904688048639844,0.8904688048639844,0.11855997002971466
-0.014828300626359203,0.055555555555555566,1.660525733472642,nan,nan,nan,1.0,1.0611270914115867,mse,0.6521611304009308,Mean,0.9088817438885141,0.9088817438885141,0.12100680317111916
-0.027152982300178086,nan,2.9818291173342066,nan,nan,nan,1.0,1.1410170519713418,mse,0.6378162687016642,Median,0.8965570622146952,0.8965570622146952,0.11835896202102247
-0.02782203116438996,0.060497537485776263,3.067389338958269,0.09697664112939537,nan,nan,1.0,1.1249775614771873,mse,0.6424550518227976,OGDBoth,0.8958880133504834,0.8958880133504834,0.11940543604325511
-0.017444911710097214,0.05726487759508583,1.9753203674689908,5.348167343983264,nan,nan,1.0,1.0275853274812037,mse,0.645123231360872,OGDConcOnly,0.9062651328047762,0.9062651328047762,0.12343718196355102
-0.02798671504278093,0.06085331440536519,3.0853242713252564,nan,nan,nan,1.0,1.1250646444724246,mse,0.6424365056549945,OGDVanilla,0.8957233294720925,0.8957233294720925,0.11939245532433893
0.07288526159080186,0.2403064423339746,-7.763759330775107,1.262662047812925,0.5708823529411765,1.832504411764706,1.0,2.238440827616036,mse,0.6650246666936217,RLKappaBandit,0.9965953061056754,0.9965953061056754,0.14121352115197575
-0.023656824943081904,0.05793266721315506,2.633730199395662,nan,0.3915441176470588,3.1,1.0,1.1427504009061367,mse,0.6442656337603496,RLRuleBandit,0.9000532195717914,0.9000532195717914,0.1212737160117983
-0.8063618971157858,0.1703126170702085,25.69637535883612,0.7457854929016529,nan,nan,4.0,6.620747260083704,mse,1.0558492466079035,MWUMBothKL,2.3082249686093648,2.3082249686093648,0.3439844632965924
-0.9174236977984715,0.268772277012725,29.270908766821446,0.17317958656373705,nan,nan,4.0,6.480008972607235,mse,1.020014991007387,MWUMConcOnlyKL,2.1971631679266785,2.1971631679266785,0.3280214174034263
0.002995007162226393,0.28115506476930613,-0.07861398038784273,nan,nan,nan,4.0,33.51924240292158,mse,1.2325888343624989,MWUMVanilla,3.117581872887377,3.117581872887377,0.5071210296614127
0.06299384180444181,0.055555555555555566,-2.0065345653510427,nan,nan,nan,4.0,34.89556009778475,mse,1.271246662712298,Mean,3.177580707529592,3.177580707529592,0.5182292030673953
0.04307234438004513,nan,-1.276681815380512,nan,nan,nan,4.0,40.58313098438338,mse,1.2442845201626347,Median,3.1576592101051952,3.1576592101051952,0.5325300216781884
-0.7220119314841952,0.14169018903951022,23.01172596661554,1.781144875118288,nan,nan,4.0,16.706265503605323,mse,1.076247441936101,OGDBoth,2.3925749342409555,2.3925749342409555,0.36653146463549396
-0.6467195032258479,0.08624438005894801,20.629936364745106,1.8071489748962641,nan,nan,4.0,14.122109645684844,mse,1.107917872353537,OGDConcOnly,2.4678673624993026,2.4678673624993026,0.38277471926980094
-0.6972696723601747,0.22186564341474657,22.215229602350377,nan,nan,nan,4.0,17.025483026077683,mse,1.0823832659442,OGDVanilla,2.4173171933649757,2.4173171933649757,0.3710716559997543
-0.8249075026382519,0.3742931606729358,26.3324044961203,1.0183367387177604,0.5853676470588235,1.4914710784313727,4.0,9.47735185561326,mse,1.047789442534357,RLKappaBandit,2.289679363086899,2.289679363086899,0.3494331743338973
-0.34153041094062164,0.12537952369039823,11.031432403792481,nan,0.6023529411764705,3.35,4.0,320.49563683348214,mse,1.1557907566854433,RLRuleBandit,2.773056454784529,2.773056454784529,0.5051408511074222
-1.140445173133884,0.21659265315764947,27.916875891938766,0.7103505357902229,nan,nan,8.0,25.3095257638656,mse,1.1679415603706442,MWUMBothKL,2.8866730412684465,2.8866730412684465,0.5372198219107455
-1.17423727595777,0.31046547096738053,28.837578896327393,0.17357254612891818,nan,nan,8.0,25.18219157044585,mse,1.1490206258156097,MWUMConcOnlyKL,2.85288093844456,2.85288093844456,0.5523363847427782
0.0475526022679371,0.9835808882226491,-1.268741135922678,nan,nan,nan,8.0,43.3889538183662,mse,1.4048612063955204,MWUMVanilla,4.074670816670268,4.074670816670268,0.8230649499302753
0.5641525058228517,0.055555555555555566,-13.994234894789201,nan,nan,nan,8.0,591.6473977241485,mse,1.539056846021452,Mean,4.591270720225182,4.591270720225182,0.9575261879897579
0.36488870765733494,nan,-8.882520322490294,nan,nan,nan,8.0,716.8541358317234,mse,1.4699428597684379,Median,4.3920069220596645,4.3920069220596645,0.9452793304442247
-0.8153793261070981,0.18232846867554806,19.752900803846188,0.10960461985930978,nan,nan,8.0,29.312564961624368,mse,1.2437904604230616,OGDBoth,3.211738888295232,3.211738888295232,0.5875691434431121
-0.6373655177947979,0.09703813738942993,15.651208575865535,1.9517932887990461,nan,nan,8.0,34.411781224915146,mse,1.3001527947962246,OGDConcOnly,3.3897526966075326,3.3897526966075326,0.6905428639074811
-0.8044972107381267,0.18734647577202124,19.480874519983576,nan,nan,nan,8.0,29.096032782385567,mse,1.2467568519627066,OGDVanilla,3.222621003664203,3.222621003664203,0.5889054869774616
-1.0313953406907224,0.3963787404933957,25.220065333947684,1.2677494539462377,0.5854656862745099,1.8827210784313728,8.0,27.255233802523367,mse,1.1910472320586039,RLKappaBandit,2.9957228737116077,2.9957228737116077,0.5704150884134747
-0.3507553935458489,0.22154478518923906,8.218958010892468,nan,0.6129901960784314,3.45,8.0,1659.1072978483505,mse,1.3267674730545977,RLRuleBandit,3.676362820856481,3.676362820856481,0.7625183133025286
